length_m,maxspeed_kmh,road_type,weather,is_peak_hour,congestion_prob,travel_time_min
1731.4722717056334,34.0,residential,clear,0,0.20230828775326143,5.1308306974762985
1731.4722717056334,34.0,residential,clear,1,0.34400469093905905,7.150456110091793
1731.4722717056334,34.0,residential,rain,0,0.5178353942662419,8.687483164545435
1731.4722717056334,34.0,residential,rain,1,0.7427487308327753,11.7868652709769
365.25068183587183,40.0,tertiary,clear,0,0.12750749114964327,0.6216037272470296
365.25068183587183,40.0,tertiary,clear,1,0.29498207596857656,1.196180345150351
365.25068183587183,40.0,tertiary,rain,0,0.36424575514941815,1.1659780343786257
365.25068183587183,40.0,tertiary,rain,1,0.6639815100447237,1.9684597923225402
1216.464236208991,35.0,residential,clear,0,0.1352704995265115,3.5127297889342772
1216.464236208991,35.0,residential,clear,1,0.42950887306845226,5.0323480371767095
1216.464236208991,35.0,residential,rain,0,0.5289310802932492,6.009334772048375
1216.464236208991,35.0,residential,rain,1,0.6544400826428788,7.610472905634929
1170.1524848036786,33.0,residential,clear,0,0.253154091553085,3.8076712466290408
1170.1524848036786,33.0,residential,clear,1,0.31483933494082367,4.76754968865929
1170.1524848036786,33.0,residential,rain,0,0.5355990986155935,6.1071029361103175
1170.1524848036786,33.0,residential,rain,1,0.7291405237239009,8.40248457210131
1898.052945539822,57.0,primary,clear,0,0.14579649463275213,3.1696977982723635
1898.052945539822,57.0,primary,clear,1,0.3205655003533366,4.126300249924637
1898.052945539822,57.0,primary,rain,0,0.49270474628047917,4.9004683994148515
1898.052945539822,57.0,primary,rain,1,0.6978731040497244,6.729103796730761
1061.1346550582537,29.0,service,clear,0,0.21273149379438777,3.870525080896068
1061.1346550582537,29.0,service,clear,1,0.3364637241042475,5.382612372548917
1061.1346550582537,29.0,service,rain,0,0.4127667163077804,5.940488240462921
1061.1346550582537,29.0,service,rain,1,0.6161602287055568,8.32792352262009
896.3897317327494,30.0,residential,clear,0,0.20170951108230406,3.080675814425618
896.3897317327494,30.0,residential,clear,1,0.3592289547387012,4.177965521065004
896.3897317327494,30.0,residential,rain,0,0.4427164515278581,5.022373291523312
896.3897317327494,30.0,residential,rain,1,0.703685661639455,6.938356392144985
1435.8741350226735,32.0,residential,clear,0,0.12738218371169555,4.562235406004126
1435.8741350226735,32.0,residential,clear,1,0.32614439900190856,6.279873139920113
1435.8741350226735,32.0,residential,rain,0,0.5583237361018553,7.842113553636829
1435.8741350226735,32.0,residential,rain,1,0.6891119590039434,10.34409681944555
644.9022331017936,53.0,primary,clear,0,0.19485630723036956,1.2536851950545236
644.9022331017936,53.0,primary,clear,1,0.29664769151425674,1.2382508531418663
644.9022331017936,53.0,primary,rain,0,0.4104724876894531,1.5587768197014453
644.9022331017936,53.0,primary,rain,1,0.5937572549738123,2.520817983597356
376.30903122238857,45.0,tertiary,clear,0,0.20021882023562704,0.7402496990361123
376.30903122238857,45.0,tertiary,clear,1,0.36487018644718083,1.097511089946531
376.30903122238857,45.0,tertiary,rain,0,0.5063276143584869,1.3060380845295447
376.30903122238857,45.0,tertiary,rain,1,0.6023808266396884,1.5915002838260832
1093.0998209303411,41.0,tertiary,clear,0,0.14981890146610416,2.430021369700414
1093.0998209303411,41.0,tertiary,clear,1,0.3535337584357665,3.835040705775261
1093.0998209303411,41.0,tertiary,rain,0,0.42390408082246356,3.865531795483031
1093.0998209303411,41.0,tertiary,rain,1,0.7196060170392177,5.870665656401565
963.8054614211562,28.0,service,clear,0,0.11454550594780705,3.3291457207403
963.8054614211562,28.0,service,clear,1,0.3175438608561055,5.155983745762773
963.8054614211562,28.0,service,rain,0,0.5267326982980742,6.119465929203872
963.8054614211562,28.0,service,rain,1,0.6101644329843132,7.850935559450479
573.0482739212123,30.0,residential,clear,0,0.25937942083841553,2.1197249611696534
573.0482739212123,30.0,residential,clear,1,0.45537254041817893,3.132357533712861
573.0482739212123,30.0,residential,rain,0,0.40183696351085113,3.097555694498627
573.0482739212123,30.0,residential,rain,1,0.709073659044252,4.432688006824132
859.1250374440714,34.0,residential,clear,0,0.14269203039240685,2.607608105556747
859.1250374440714,34.0,residential,clear,1,0.3178483477753402,3.5162457903268254
859.1250374440714,34.0,residential,rain,0,0.472595793012673,4.3707319989927305
859.1250374440714,34.0,residential,rain,1,0.7401364704605111,5.823940824225302
856.7519936316445,35.0,tertiary,clear,0,0.14009377808804774,2.160430262718239
856.7519936316445,35.0,tertiary,clear,1,0.4060204542951713,3.6483649308234862
856.7519936316445,35.0,tertiary,rain,0,0.40775116663178124,3.7072081740787692
856.7519936316445,35.0,tertiary,rain,1,0.6574352338301076,5.0232326033905865
774.2905965545964,41.0,secondary,clear,0,0.18200172801202422,1.8033802326827353
774.2905965545964,41.0,secondary,clear,1,0.38458023658088936,2.5483342192671237
774.2905965545964,41.0,secondary,rain,0,0.36009150338047097,2.5245315593801023
774.2905965545964,41.0,secondary,rain,1,0.5631162787817332,3.8597794480350514
884.4638490210895,40.0,tertiary,clear,0,0.20059550045170949,2.3688454317868395
884.4638490210895,40.0,tertiary,clear,1,0.30920226006442586,2.6995564975727286
884.4638490210895,40.0,tertiary,rain,0,0.5004815358726465,3.7180973171500558
884.4638490210895,40.0,tertiary,rain,1,0.5737045523308606,4.457438769216039
1533.7758923666042,58.0,primary,clear,0,0.07107400295494139,2.3144074804821826
1533.7758923666042,58.0,primary,clear,1,0.38253350868911806,3.2173602501152243
1533.7758923666042,58.0,primary,rain,0,0.436045180495797,3.728566229283458
1533.7758923666042,58.0,primary,rain,1,0.6024090606304094,5.20963912523777
709.3781260911248,33.0,residential,clear,0,0.16770207043214191,2.0594430961099373
709.3781260911248,33.0,residential,clear,1,0.3862873742047133,3.2848198491586564
709.3781260911248,33.0,residential,rain,0,0.43218417014235133,3.337687414949176
709.3781260911248,33.0,residential,rain,1,0.7592238970657432,5.183945963129401
2091.578804636522,29.0,residential,clear,0,0.17009601342632066,7.416519429085259
2091.578804636522,29.0,residential,clear,1,0.31936067133892254,10.003027056835837
2091.578804636522,29.0,residential,rain,0,0.45409368994359284,11.728369950648132
2091.578804636522,29.0,residential,rain,1,0.6368183572154523,15.84356313144853
2022.6578014209372,32.0,residential,clear,0,0.11135889376144523,6.245731805945883
2022.6578014209372,32.0,residential,clear,1,0.3366306854097847,9.201741915005599
2022.6578014209372,32.0,residential,rain,0,0.5375416640405994,10.592453095160225
2022.6578014209372,32.0,residential,rain,1,0.6380807414990393,14.102656209304845
1099.5301079961666,46.0,secondary,clear,0,0.09427788917927019,1.9133560132399001
1099.5301079961666,46.0,secondary,clear,1,0.4096822784929074,3.297725845399101
1099.5301079961666,46.0,secondary,rain,0,0.43562736420988707,3.6256764463906856
1099.5301079961666,46.0,secondary,rain,1,0.6891995196426629,4.818984937302895
776.1257546099403,30.0,service,clear,0,0.11550893027661176,2.640066197128298
776.1257546099403,30.0,service,clear,1,0.36777257968318733,3.9510940198545237
776.1257546099403,30.0,service,rain,0,0.5166521359135761,4.68570492556466
776.1257546099403,30.0,service,rain,1,0.7574664338185546,6.271022575495573
1215.1217544396068,32.0,residential,clear,0,0.16441940513636302,3.801672261130951
1215.1217544396068,32.0,residential,clear,1,0.43786760581644657,5.674497561940329
1215.1217544396068,32.0,residential,rain,0,0.4304334253505298,6.029378061817261
1215.1217544396068,32.0,residential,rain,1,0.6675010623735047,8.45729986712076
1878.948236200084,29.0,residential,clear,0,0.1399690316611361,6.702326743041296
1878.948236200084,29.0,residential,clear,1,0.3709009192085531,9.632666016942439
1878.948236200084,29.0,residential,rain,0,0.48805204999197566,10.508254920385534
1878.948236200084,29.0,residential,rain,1,0.7598851949460363,15.572525572890893
1463.4851619874164,50.0,secondary,clear,0,0.2150394011655602,3.051666526110358
1463.4851619874164,50.0,secondary,clear,1,0.3957913175062889,3.7898723511272987
1463.4851619874164,50.0,secondary,rain,0,0.43770258007211493,4.128304497645482
1463.4851619874164,50.0,secondary,rain,1,0.6241664468079124,5.642458297794198
1785.310675247804,36.0,tertiary,clear,0,0.12063569903630658,4.868332322059404
1785.310675247804,36.0,tertiary,clear,1,0.30243248930754435,6.659791176709114
1785.310675247804,36.0,tertiary,rain,0,0.4328013387742629,7.457708543249206
1785.310675247804,36.0,tertiary,rain,1,0.7131708225375477,11.119232947693837
1209.371225259369,75.0,motorway,clear,0,0.14892293174489893,1.4460795523950458
1209.371225259369,75.0,motorway,clear,1,0.28476749204385027,1.7137370889576702
1209.371225259369,75.0,motorway,rain,0,0.5149934983950654,2.2721321072517093
1209.371225259369,75.0,motorway,rain,1,0.6467512322198838,3.0766140540368796
1421.785374047356,51.0,primary,clear,0,0.0691464436651973,2.340660905712933
1421.785374047356,51.0,primary,clear,1,0.3404560612671222,3.658846714801478
1421.785374047356,51.0,primary,rain,0,0.38518923647031733,4.001471152803296
1421.785374047356,51.0,primary,rain,1,0.5728178344384939,5.044003616033595
690.8899020668189,28.0,residential,clear,0,0.19520561703200445,2.6739606311786135
690.8899020668189,28.0,residential,clear,1,0.337632623200149,3.325444671369013
690.8899020668189,28.0,residential,rain,0,0.54244597026071,4.104875885457899
690.8899020668189,28.0,residential,rain,1,0.6951230645653507,5.716615025560406
1637.9735040978164,34.0,residential,clear,0,0.1670759864537396,4.977697576688914
1637.9735040978164,34.0,residential,clear,1,0.38364523448511345,7.308316165348417
1637.9735040978164,34.0,residential,rain,0,0.4326814719077658,7.8017951944249315
1637.9735040978164,34.0,residential,rain,1,0.6381897524185354,10.632898665912618
509.0977374265229,28.0,service,clear,0,0.2074704356735954,1.9276444322014175
509.0977374265229,28.0,service,clear,1,0.35058835140349665,2.8806174824865103
509.0977374265229,28.0,service,rain,0,0.4116068983189052,2.994982024435092
509.0977374265229,28.0,service,rain,1,0.7597527105367108,4.802189463659119
1552.9720330952161,50.0,secondary,clear,0,0.0717217153759413,2.528093664879459
1552.9720330952161,50.0,secondary,clear,1,0.30243206636006426,4.144657826490037
1552.9720330952161,50.0,secondary,rain,0,0.5009382677898303,4.9145699063528285
1552.9720330952161,50.0,secondary,rain,1,0.6191243341982214,6.031815609635008
1904.7244248508955,43.0,tertiary,clear,0,0.19339919274236916,4.4896989619340015
1904.7244248508955,43.0,tertiary,clear,1,0.357868442516152,6.303492730620491
1904.7244248508955,43.0,tertiary,rain,0,0.4646362108337172,6.593075771614483
1904.7244248508955,43.0,tertiary,rain,1,0.6907366616184739,9.486844497599398
360.0580150792731,42.0,tertiary,clear,0,0.1661421943945724,1.0501061119631692
360.0580150792731,42.0,tertiary,clear,1,0.2814865783029389,0.9170026721614135
360.0580150792731,42.0,tertiary,rain,0,0.3771257564335068,1.2738879884780756
360.0580150792731,42.0,tertiary,rain,1,0.6035757139703706,1.815100341517548
1382.48504994887,43.0,secondary,clear,0,0.17481794994220767,2.870756625445858
1382.48504994887,43.0,secondary,clear,1,0.36147807342161276,4.125219680227987
1382.48504994887,43.0,secondary,rain,0,0.4381650963439002,4.8960059908622275
1382.48504994887,43.0,secondary,rain,1,0.6953765941271769,6.509922685349122
281.6029862474614,50.0,primary,clear,0,0.12777212361019624,0.3769757671842483
281.6029862474614,50.0,primary,clear,1,0.26056731025404517,0.7987602384248973
281.6029862474614,50.0,primary,rain,0,0.46193814036822073,0.6834938719643054
281.6029862474614,50.0,primary,rain,1,0.6785969453356689,1.144965706831384
1618.517131935425,36.0,tertiary,clear,0,0.1284299070369087,3.9762147328682182
1618.517131935425,36.0,tertiary,clear,1,0.27203901761180277,5.967852065693416
1618.517131935425,36.0,tertiary,rain,0,0.504628571449583,7.14727345456455
1618.517131935425,36.0,tertiary,rain,1,0.6935352031817626,9.787502628381132
259.1256239058629,43.0,secondary,clear,0,0.08369500569079724,0.3375722280874996
259.1256239058629,43.0,secondary,clear,1,0.3093213359888214,0.9654845621908417
259.1256239058629,43.0,secondary,rain,0,0.48737956878208666,1.0890861221824268
259.1256239058629,43.0,secondary,rain,1,0.7038279418442359,1.119516293967674
2064.1924241253273,25.0,residential,clear,0,0.13992475827566792,8.072593753141053
2064.1924241253273,25.0,residential,clear,1,0.42481859869943084,12.69356755881121
2064.1924241253273,25.0,residential,rain,0,0.4650203823731387,13.533557363992129
2064.1924241253273,25.0,residential,rain,1,0.6247285341331528,18.38203892751785
371.3048116801406,40.0,tertiary,clear,0,0.19833691139519427,1.161278123167796
371.3048116801406,40.0,tertiary,clear,1,0.3897234751904635,1.4892911404886495
371.3048116801406,40.0,tertiary,rain,0,0.3639658179037102,1.4563993449436912
371.3048116801406,40.0,tertiary,rain,1,0.6131496748714286,2.1350731130962814
2112.8261213272503,33.0,residential,clear,0,0.22835762222994227,7.071323693350859
2112.8261213272503,33.0,residential,clear,1,0.42971989065190225,9.609534031842433
2112.8261213272503,33.0,residential,rain,0,0.5259799214616754,10.671164633887592
2112.8261213272503,33.0,residential,rain,1,0.7395466852649744,15.230807955647837
1777.8744533004049,35.0,residential,clear,0,0.13558939480730633,5.228311816672466
1777.8744533004049,35.0,residential,clear,1,0.3736485175486307,7.327262493932123
1777.8744533004049,35.0,residential,rain,0,0.5272552798644579,8.492555714811429
1777.8744533004049,35.0,residential,rain,1,0.6037863095522323,10.883590333404921
1338.6058494686706,45.0,secondary,clear,0,0.11252191219163306,2.83363464491991
1338.6058494686706,45.0,secondary,clear,1,0.4147022566477378,3.9632752497661214
1338.6058494686706,45.0,secondary,rain,0,0.46263707817722044,4.363523325945113
1338.6058494686706,45.0,secondary,rain,1,0.7169839499517217,6.306655586256843
1739.1631018146395,34.0,residential,clear,0,0.25027794245195456,5.405955047341497
1739.1631018146395,34.0,residential,clear,1,0.4552640977635565,7.743736673012788
1739.1631018146395,34.0,residential,rain,0,0.5540054905218489,8.718992131856917
1739.1631018146395,34.0,residential,rain,1,0.6173444075543538,11.17251015197118
1765.6434586441421,35.0,residential,clear,0,0.21656720970443272,5.285124750462589
1765.6434586441421,35.0,residential,clear,1,0.3969934165289829,7.49998869795034
1765.6434586441421,35.0,residential,rain,0,0.4616312693351563,8.251741577039088
1765.6434586441421,35.0,residential,rain,1,0.6407556009821731,11.310126908522319
2085.5773731727404,44.0,tertiary,clear,0,0.06027060451498073,4.406491382397208
2085.5773731727404,44.0,tertiary,clear,1,0.3461523195348467,6.540310817683819
2085.5773731727404,44.0,tertiary,rain,0,0.47871201245431627,7.471553548508708
2085.5773731727404,44.0,tertiary,rain,1,0.6182754354850023,9.617461685287662
617.1727101390769,45.0,secondary,clear,0,0.16627802958580357,1.1939721870933626
617.1727101390769,45.0,secondary,clear,1,0.3102265032093376,1.918488064343736
617.1727101390769,45.0,secondary,rain,0,0.47516068208223206,1.9519369721312945
617.1727101390769,45.0,secondary,rain,1,0.6094855459533846,2.67744361917023
1330.9608981596155,28.0,residential,clear,0,0.16438406192923596,4.75722829262925
1330.9608981596155,28.0,residential,clear,1,0.32036604784946454,6.648529692475526
1330.9608981596155,28.0,residential,rain,0,0.5504581873168293,8.281874185964309
1330.9608981596155,28.0,residential,rain,1,0.7444488873172133,11.263067439527392
281.5042988365306,60.0,primary,clear,0,0.10815197993049047,0.42425641982538237
281.5042988365306,60.0,primary,clear,1,0.260064950351566,0.4457190190942693
281.5042988365306,60.0,primary,rain,0,0.4287821039983735,0.6938865245216712
281.5042988365306,60.0,primary,rain,1,0.6647528997924914,0.9073167372435007
1386.2712840511372,42.0,secondary,clear,0,0.1307455678887692,2.844871043349067
1386.2712840511372,42.0,secondary,clear,1,0.33570978974549226,4.477366047425614
1386.2712840511372,42.0,secondary,rain,0,0.48736396162028484,4.812099703504423
1386.2712840511372,42.0,secondary,rain,1,0.5735672858760195,6.41987825629736
443.13756467671226,69.0,motorway,clear,0,0.16127053692252732,0.4555197550873942
443.13756467671226,69.0,motorway,clear,1,0.3909477543258663,0.9060082295708527
443.13756467671226,69.0,motorway,rain,0,0.4676473072891467,0.7246469675922746
443.13756467671226,69.0,motorway,rain,1,0.5918607892362523,0.9002073673519527
1277.6952963215767,25.0,residential,clear,0,0.13917480705253604,5.104059961530204
1277.6952963215767,25.0,residential,clear,1,0.4359580311399571,7.582944709581074
1277.6952963215767,25.0,residential,rain,0,0.4663105617596351,8.41163976938536
1277.6952963215767,25.0,residential,rain,1,0.6311096378783535,11.386039792193992
1293.5526897517614,33.0,residential,clear,0,0.17910034704166994,3.9276907730305526
1293.5526897517614,33.0,residential,clear,1,0.40496928177788544,5.608055757924259
1293.5526897517614,33.0,residential,rain,0,0.5201543162589557,6.763733483132118
1293.5526897517614,33.0,residential,rain,1,0.6170539674501663,8.547843089992684
1067.888524320202,32.0,residential,clear,0,0.1281418690730451,3.538935860417634
1067.888524320202,32.0,residential,clear,1,0.38287324007099854,4.68441078345281
1067.888524320202,32.0,residential,rain,0,0.43987172474559544,5.529427399435481
1067.888524320202,32.0,residential,rain,1,0.6730338920752277,7.704789294793126
1187.9793640878204,25.0,residential,clear,0,0.20681243721381654,5.271156391315766
1187.9793640878204,25.0,residential,clear,1,0.39527237095510714,7.275971796238731
1187.9793640878204,25.0,residential,rain,0,0.5426281481296699,8.206925505239713
1187.9793640878204,25.0,residential,rain,1,0.7150838338041547,11.021088171516215
1699.5175868139663,37.0,tertiary,clear,0,0.19289106715542642,4.572168881392658
1699.5175868139663,37.0,tertiary,clear,1,0.40355329651732197,6.609178991779938
1699.5175868139663,37.0,tertiary,rain,0,0.4359479098916885,6.837413828870362
1699.5175868139663,37.0,tertiary,rain,1,0.5995583580015456,9.490347817210047
1774.3987990055812,41.0,tertiary,clear,0,0.18253018948754648,4.260350635678322
1774.3987990055812,41.0,tertiary,clear,1,0.360279749917085,5.818043633875375
1774.3987990055812,41.0,tertiary,rain,0,0.3723973366183577,6.16865046865944
1774.3987990055812,41.0,tertiary,rain,1,0.6034744171331495,8.807855506966156
1123.3648170199097,55.0,primary,clear,0,0.14642435560295303,1.6192384473524006
1123.3648170199097,55.0,primary,clear,1,0.29700183675650993,2.5688192593763937
1123.3648170199097,55.0,primary,rain,0,0.4730270626711284,2.7137690859435417
1123.3648170199097,55.0,primary,rain,1,0.6252158991466539,3.954702254520301
1351.138096027938,58.0,primary,clear,0,0.12652387745650495,1.8723885151719732
1351.138096027938,58.0,primary,clear,1,0.32722296284374813,3.0848057912827533
1351.138096027938,58.0,primary,rain,0,0.45345270627267603,3.398554811623626
1351.138096027938,58.0,primary,rain,1,0.6970771251686295,4.811168057023773
2054.220819663016,27.0,residential,clear,0,0.16086096462843388,7.508268722962974
2054.220819663016,27.0,residential,clear,1,0.35628140842749195,11.111904258361836
2054.220819663016,27.0,residential,rain,0,0.5365516720910567,13.226812303485854
2054.220819663016,27.0,residential,rain,1,0.6670434052207715,17.286189554733415
333.8352076223804,45.0,tertiary,clear,0,0.14738116955741426,0.7593644533862762
333.8352076223804,45.0,tertiary,clear,1,0.29528619109181103,0.8295729020207087
333.8352076223804,45.0,tertiary,rain,0,0.42973375616746184,0.8835688020490815
333.8352076223804,45.0,tertiary,rain,1,0.6137807269917412,1.6243257997123355
328.2595597082343,39.0,tertiary,clear,0,0.12469066706202195,0.6203210560562489
328.2595597082343,39.0,tertiary,clear,1,0.33478242387716967,0.9464380248412088
328.2595597082343,39.0,tertiary,rain,0,0.45956111375585035,1.0586837427545726
328.2595597082343,39.0,tertiary,rain,1,0.6230432410143527,1.783168987216194
265.94310525082903,34.0,residential,clear,0,0.10433632741445001,0.8315442818354515
265.94310525082903,34.0,residential,clear,1,0.3217119179568903,1.0825007139191445
265.94310525082903,34.0,residential,rain,0,0.4080455413581804,1.1679900974777235
265.94310525082903,34.0,residential,rain,1,0.6338656454738371,1.6438150497129174
1474.6701642859189,27.0,residential,clear,0,0.22179675326304438,5.786465359435185
1474.6701642859189,27.0,residential,clear,1,0.4203215717687656,8.410364521680869
1474.6701642859189,27.0,residential,rain,0,0.4403634450851809,8.558513093100165
1474.6701642859189,27.0,residential,rain,1,0.6031013259280018,11.882053017812996
967.4495976756045,35.0,tertiary,clear,0,0.2199852525614735,2.7215463150102446
967.4495976756045,35.0,tertiary,clear,1,0.36402305491998,3.938584075426253
967.4495976756045,35.0,tertiary,rain,0,0.4642807448390223,4.393873329977709
967.4495976756045,35.0,tertiary,rain,1,0.7119378772345583,5.904984887701786
1721.5614022207076,35.0,tertiary,clear,0,0.06326080277125319,4.189780934184217
1721.5614022207076,35.0,tertiary,clear,1,0.280195355979873,6.443236995052362
1721.5614022207076,35.0,tertiary,rain,0,0.45023513310880303,7.3813062849202
1721.5614022207076,35.0,tertiary,rain,1,0.6719143953993841,10.664365770689175
1503.0105962142163,44.0,secondary,clear,0,0.08684626293884837,3.031294569530268
1503.0105962142163,44.0,secondary,clear,1,0.37966810431284576,4.373567349586526
1503.0105962142163,44.0,secondary,rain,0,0.4910881878897736,5.395920482119361
1503.0105962142163,44.0,secondary,rain,1,0.5772957999452171,6.414174738068939
787.312047655865,75.0,motorway,clear,0,0.10991315910315125,0.9307362833748216
787.312047655865,75.0,motorway,clear,1,0.4133076541129434,1.2437469982828375
787.312047655865,75.0,motorway,rain,0,0.47440235280791493,1.2037704433608512
787.312047655865,75.0,motorway,rain,1,0.6704983065492769,2.0126692195030906
1984.5370804064557,35.0,tertiary,clear,0,0.07630420887135625,5.225182931611859
1984.5370804064557,35.0,tertiary,clear,1,0.39604691825420746,8.01712013256836
1984.5370804064557,35.0,tertiary,rain,0,0.3793688104107704,8.504420948277486
1984.5370804064557,35.0,tertiary,rain,1,0.6852216554177631,12.15683351681723
1696.5681517897829,44.0,secondary,clear,0,0.12854048211755914,3.419406481174459
1696.5681517897829,44.0,secondary,clear,1,0.3409537263483325,4.9356446911449
1696.5681517897829,44.0,secondary,rain,0,0.4959321003199324,6.007977158641924
1696.5681517897829,44.0,secondary,rain,1,0.5768862193030397,7.736400997378515
653.5340747295725,36.0,tertiary,clear,0,0.16169361697623136,1.9168933782909392
653.5340747295725,36.0,tertiary,clear,1,0.3731693829929723,2.478193700522359
653.5340747295725,36.0,tertiary,rain,0,0.4774072486421427,3.0592127591080334
653.5340747295725,36.0,tertiary,rain,1,0.6032131834219842,3.8859333172550072
852.0870776767545,35.0,residential,clear,0,0.18610766503172094,2.524981637715169
852.0870776767545,35.0,residential,clear,1,0.3696919188806231,3.6640835954384436
852.0870776767545,35.0,residential,rain,0,0.44294328608787603,4.0906905497597466
852.0870776767545,35.0,residential,rain,1,0.7329169630224966,5.49545577940931
746.6127580330374,47.0,secondary,clear,0,0.20106098944044354,1.395458299702506
746.6127580330374,47.0,secondary,clear,1,0.3343533546565171,2.111485182962411
746.6127580330374,47.0,secondary,rain,0,0.4206382886605222,2.056015675341887
746.6127580330374,47.0,secondary,rain,1,0.6961524538099935,3.1595967619642624
414.13669508499925,58.0,primary,clear,0,0.09393917602875826,0.7506493025743763
414.13669508499925,58.0,primary,clear,1,0.3144542149062854,1.0654634795555304
414.13669508499925,58.0,primary,rain,0,0.47218940005315224,0.9124454069226569
414.13669508499925,58.0,primary,rain,1,0.5616241783101883,1.546986688619323
393.3007497894463,47.0,secondary,clear,0,0.07369807391328341,0.8310682196900516
393.3007497894463,47.0,secondary,clear,1,0.338172455495806,1.2152931454162466
393.3007497894463,47.0,secondary,rain,0,0.4704974943114437,1.3210101991530045
393.3007497894463,47.0,secondary,rain,1,0.6385314136125738,1.8370771536618882
2064.590222356577,47.0,secondary,clear,0,0.07488853608874749,3.6497732190355308
2064.590222356577,47.0,secondary,clear,1,0.37068594484723233,5.738347684195546
2064.590222356577,47.0,secondary,rain,0,0.45304889365317874,6.46312817532541
2064.590222356577,47.0,secondary,rain,1,0.6449475089833229,8.87110167498916
1008.3565588613569,33.0,residential,clear,0,0.21934966987417756,3.1802227195016233
1008.3565588613569,33.0,residential,clear,1,0.412456790749723,4.47324393250193
1008.3565588613569,33.0,residential,rain,0,0.4402245881921506,4.714971039046324
1008.3565588613569,33.0,residential,rain,1,0.6308134869522428,6.557360179645681
892.6380242881088,35.0,tertiary,clear,0,0.1457382344614,2.5608657126652847
892.6380242881088,35.0,tertiary,clear,1,0.28962397479002594,3.178432549585002
892.6380242881088,35.0,tertiary,rain,0,0.43747177395403336,3.9795298610790057
892.6380242881088,35.0,tertiary,rain,1,0.7162571236612891,5.613050226828645
1626.933702396041,34.0,residential,clear,0,0.1452797925239928,4.615247764320059
1626.933702396041,34.0,residential,clear,1,0.33105881249457175,6.649040435565163
1626.933702396041,34.0,residential,rain,0,0.42871064698966455,7.378488950362478
1626.933702396041,34.0,residential,rain,1,0.6854616142828261,10.796862586090354
1252.3452983361478,33.0,residential,clear,0,0.2558871889764381,4.197959951602184
1252.3452983361478,33.0,residential,clear,1,0.4115867828656311,5.507633426135523
1252.3452983361478,33.0,residential,rain,0,0.538953791562071,6.489694446424256
1252.3452983361478,33.0,residential,rain,1,0.7396351575997656,8.959025163047107
2064.61677209754,43.0,tertiary,clear,0,0.13510351118888164,4.503985890658116
2064.61677209754,43.0,tertiary,clear,1,0.2894981872624131,6.025867471419832
2064.61677209754,43.0,tertiary,rain,0,0.5105701754828965,7.626573945799169
2064.61677209754,43.0,tertiary,rain,1,0.6915385032479089,10.347083519549404
1734.2391670879115,29.0,residential,clear,0,0.11185314724090238,5.91429464027023
1734.2391670879115,29.0,residential,clear,1,0.3085774518868053,8.166689943477822
1734.2391670879115,29.0,residential,rain,0,0.4900543355335303,9.821143231197869
1734.2391670879115,29.0,residential,rain,1,0.7590268996336352,14.020610932653039
1096.2634759440255,58.0,primary,clear,0,0.1823109512521911,1.7687785794137985
1096.2634759440255,58.0,primary,clear,1,0.38651853277494713,2.302003161758266
1096.2634759440255,58.0,primary,rain,0,0.44361160562083485,2.635899250571027
1096.2634759440255,58.0,primary,rain,1,0.6308353606430925,3.832233975664901
877.8820837793515,69.0,motorway,clear,0,0.21840500167468768,1.0185103641159523
877.8820837793515,69.0,motorway,clear,1,0.35936437137154376,1.5670859116504114
877.8820837793515,69.0,motorway,rain,0,0.4784142888775272,1.9442146032767815
877.8820837793515,69.0,motorway,rain,1,0.5932460649317682,2.1118473492667107
2171.658875239563,50.0,primary,clear,0,0.16566850195072585,3.717754856269952
2171.658875239563,50.0,primary,clear,1,0.28781016773222956,5.008087940478591
2171.658875239563,50.0,primary,rain,0,0.3604281156164617,5.749286964764513
2171.658875239563,50.0,primary,rain,1,0.6550097912191302,8.40848805232498
1601.6517003277243,34.0,residential,clear,0,0.13703619752896415,4.811019298161499
1601.6517003277243,34.0,residential,clear,1,0.41247800929499473,7.0499298564434305
1601.6517003277243,34.0,residential,rain,0,0.5099815872113989,8.126572403210497
1601.6517003277243,34.0,residential,rain,1,0.726052484263477,11.053525320085924
2096.5326792081432,37.0,tertiary,clear,0,0.16578928685653888,5.705469456083952
2096.5326792081432,37.0,tertiary,clear,1,0.3280222345766739,7.610007689303487
2096.5326792081432,37.0,tertiary,rain,0,0.4636215557443969,8.946969056599102
2096.5326792081432,37.0,tertiary,rain,1,0.6922609855440095,12.060253613745548
331.1745837001277,51.0,primary,clear,0,0.08654764627531596,0.44751452624755345
331.1745837001277,51.0,primary,clear,1,0.37983323553113973,0.8687032072921355
331.1745837001277,51.0,primary,rain,0,0.4061776941289347,0.7033921563998284
331.1745837001277,51.0,primary,rain,1,0.670188478593935,1.3839225975339595
1883.1313998844591,41.0,tertiary,clear,0,0.21082819851904655,4.613680770640036
1883.1313998844591,41.0,tertiary,clear,1,0.3390072350952135,5.98962951547674
1883.1313998844591,41.0,tertiary,rain,0,0.3663777254693781,6.598237168875478
1883.1313998844591,41.0,tertiary,rain,1,0.611571453337328,9.364611322923645
1430.59663406136,52.0,primary,clear,0,0.07461230186095764,2.5103478716987886
1430.59663406136,52.0,primary,clear,1,0.393753378224989,3.6057644926286834
1430.59663406136,52.0,primary,rain,0,0.5121258044490163,4.299815586087966
1430.59663406136,52.0,primary,rain,1,0.6675650534885182,5.316622014564509
338.4739580704387,34.0,residential,clear,0,0.10643706770313861,1.0973821331651044
338.4739580704387,34.0,residential,clear,1,0.37528013172026137,1.532510743279275
338.4739580704387,34.0,residential,rain,0,0.5465716460682828,1.552490313196499
338.4739580704387,34.0,residential,rain,1,0.6936527400444568,2.347788953220006
1327.106959934748,39.0,tertiary,clear,0,0.13867612835056214,3.0184141161579334
1327.106959934748,39.0,tertiary,clear,1,0.3156737690071441,4.432626851483112
1327.106959934748,39.0,tertiary,rain,0,0.46722136152338967,5.441704357165953
1327.106959934748,39.0,tertiary,rain,1,0.6127685861726345,7.132367370032936
1534.5242940235514,35.0,tertiary,clear,0,0.10611484725783293,4.261479657186621
1534.5242940235514,35.0,tertiary,clear,1,0.39017056555807567,6.160399997206677
1534.5242940235514,35.0,tertiary,rain,0,0.43277214537627673,6.5344166699921455
1534.5242940235514,35.0,tertiary,rain,1,0.6117238058041592,9.294268808695264
106.08169408383802,50.0,secondary,clear,0,0.12466800912011931,0.2
106.08169408383802,50.0,secondary,clear,1,0.4180990743650807,0.3700526439911885
106.08169408383802,50.0,secondary,rain,0,0.4468149750971512,0.26813439132741784
106.08169408383802,50.0,secondary,rain,1,0.5900132066231244,0.34722699465933965
1043.1540791045027,30.0,residential,clear,0,0.2210309046488918,3.782857773536774
1043.1540791045027,30.0,residential,clear,1,0.4215984857697627,5.105071663727687
1043.1540791045027,30.0,residential,rain,0,0.487875142253653,5.9732737388919785
1043.1540791045027,30.0,residential,rain,1,0.6700985752115806,7.956790710976729
1829.846963736201,42.0,secondary,clear,0,0.07942817333801919,4.009655590941418
1829.846963736201,42.0,secondary,clear,1,0.3574194667331144,5.60317200994295
1829.846963736201,42.0,secondary,rain,0,0.3853405062088372,6.16003488873495
1829.846963736201,42.0,secondary,rain,1,0.6483602254485973,8.64977729666684
706.1611337294705,57.0,primary,clear,0,0.21876114230323518,1.3641648904850423
706.1611337294705,57.0,primary,clear,1,0.33383166306860534,1.3489591974738804
706.1611337294705,57.0,primary,rain,0,0.4931429078030242,1.8008459363917833
706.1611337294705,57.0,primary,rain,1,0.6746565321586866,2.4605633415368016
1052.1219334129285,55.0,primary,clear,0,0.10374798347412388,1.7932518659082763
1052.1219334129285,55.0,primary,clear,1,0.4168391412165401,2.3925093291014794
1052.1219334129285,55.0,primary,rain,0,0.44820241230087515,2.6428475289075584
1052.1219334129285,55.0,primary,rain,1,0.7074989039890499,3.868727912532525
1017.7059493839336,20.0,service,clear,0,0.24069220082343618,6.006301592513947
1017.7059493839336,20.0,service,clear,1,0.34419958445152654,7.8193130264137025
1017.7059493839336,20.0,service,rain,0,0.4663907877682152,8.973204314412689
1017.7059493839336,20.0,service,rain,1,0.681238028129545,12.353590556881029
720.0860698580822,28.0,service,clear,0,0.14525423732525228,2.6256496651607604
720.0860698580822,28.0,service,clear,1,0.3939100355862658,4.266068070341511
720.0860698580822,28.0,service,rain,0,0.47834245546491216,4.284426951764283
720.0860698580822,28.0,service,rain,1,0.6861728924326198,6.102586481146279
2027.096818492975,29.0,residential,clear,0,0.18830678673132978,7.307997303655391
2027.096818492975,29.0,residential,clear,1,0.3728551386986402,10.122135778493119
2027.096818492975,29.0,residential,rain,0,0.43018437979313684,11.243054517617097
2027.096818492975,29.0,residential,rain,1,0.6914876227175842,15.858743031314818
1736.3433551148137,47.0,secondary,clear,0,0.18408711601588143,3.2670082036581465
1736.3433551148137,47.0,secondary,clear,1,0.3791528242504314,5.039312897622598
1736.3433551148137,47.0,secondary,rain,0,0.4898254244103803,5.5228855060098745
1736.3433551148137,47.0,secondary,rain,1,0.6661902127175255,7.746146697459498
314.44743131175426,29.0,service,clear,0,0.25693090218556563,1.2543294080014233
314.44743131175426,29.0,service,clear,1,0.3059231378152922,1.591633182131278
314.44743131175426,29.0,service,rain,0,0.49442886868953073,2.0850994375702245
314.44743131175426,29.0,service,rain,1,0.7398704598486894,2.6562568526795536
2193.713474615655,31.0,residential,clear,0,0.18415217388920985,7.330223115875794
2193.713474615655,31.0,residential,clear,1,0.4155910124113028,10.602528027686468
2193.713474615655,31.0,residential,rain,0,0.5047650122284374,11.67686230394721
2193.713474615655,31.0,residential,rain,1,0.6751184961575571,16.27252820832939
1943.90405153242,32.0,residential,clear,0,0.1541697974482291,6.254355772340487
1943.90405153242,32.0,residential,clear,1,0.4039738644126836,9.243765312294128
1943.90405153242,32.0,residential,rain,0,0.5363746138505429,10.558293027746418
1943.90405153242,32.0,residential,rain,1,0.6608015036036249,13.561738973280033
681.8858882717626,37.0,tertiary,clear,0,0.1749947880356773,1.928337042759821
681.8858882717626,37.0,tertiary,clear,1,0.3995812827837658,2.3637255745676495
681.8858882717626,37.0,tertiary,rain,0,0.37094731954904825,2.7353183594882586
681.8858882717626,37.0,tertiary,rain,1,0.7073486558048475,4.2754632475745264
1854.2207488811891,42.0,secondary,clear,0,0.1794826186780683,4.128242779591467
1854.2207488811891,42.0,secondary,clear,1,0.2757509002213117,5.540265885401435
1854.2207488811891,42.0,secondary,rain,0,0.49961267721713454,6.682165166697382
1854.2207488811891,42.0,secondary,rain,1,0.6710401860469175,9.292425078148032
305.6094075673317,54.0,primary,clear,0,0.06735855498835405,0.6139521921465024
305.6094075673317,54.0,primary,clear,1,0.30693884415443345,0.6273772460118641
305.6094075673317,54.0,primary,rain,0,0.38329116731190377,0.7801251498313881
305.6094075673317,54.0,primary,rain,1,0.6505484899065499,1.2526049594106967
2198.102028605386,29.0,service,clear,0,0.1271973838508956,7.703778059236252
2198.102028605386,29.0,service,clear,1,0.43933433578317677,12.269748012167023
2198.102028605386,29.0,service,rain,0,0.4385327666970101,13.00991140283446
2198.102028605386,29.0,service,rain,1,0.6228988352205616,17.532115262428192
1491.2516405458582,40.0,tertiary,clear,0,0.10063637430616679,3.2957911495451957
1491.2516405458582,40.0,tertiary,clear,1,0.26150358903277937,4.904114207918587
1491.2516405458582,40.0,tertiary,rain,0,0.5041935077758213,5.995001544840035
1491.2516405458582,40.0,tertiary,rain,1,0.585276099531486,7.551704200490429
1458.2650329846497,43.0,secondary,clear,0,0.11529049991089309,3.0737906097028707
1458.2650329846497,43.0,secondary,clear,1,0.36223019237760196,4.440352398702569
1458.2650329846497,43.0,secondary,rain,0,0.4000157159052322,4.9965663449716455
1458.2650329846497,43.0,secondary,rain,1,0.5918747198574228,6.60480921270607
271.7343412063614,48.0,secondary,clear,0,0.1373132897694746,0.38394013638896674
271.7343412063614,48.0,secondary,clear,1,0.35150763077611824,0.7792877744234472
271.7343412063614,48.0,secondary,rain,0,0.5188307269803036,0.7687367367826812
271.7343412063614,48.0,secondary,rain,1,0.7164711175322981,1.2755456666456415
1981.7108056608456,44.0,tertiary,clear,0,0.10391686082851645,4.174091575744622
1981.7108056608456,44.0,tertiary,clear,1,0.36972791883744194,6.335657511916818
1981.7108056608456,44.0,tertiary,rain,0,0.36784708012416,6.563479426246392
1981.7108056608456,44.0,tertiary,rain,1,0.6394763658438193,9.66341644899971
141.4789467934752,59.0,primary,clear,0,0.10579106423347112,0.3536011197397656
141.4789467934752,59.0,primary,clear,1,0.3571303997062826,0.2292931653084459
141.4789467934752,59.0,primary,rain,0,0.4618588604809427,0.40211306693972476
141.4789467934752,59.0,primary,rain,1,0.6684423133797375,0.5841566381680425
590.5554830472317,28.0,residential,clear,0,0.2054690464506806,2.3981032261431654
590.5554830472317,28.0,residential,clear,1,0.4005196965899037,3.3425910717206335
590.5554830472317,28.0,residential,rain,0,0.5034144974224837,3.433163564309813
590.5554830472317,28.0,residential,rain,1,0.6705317104260499,4.807149610055905
383.2063753532662,32.0,residential,clear,0,0.21717756287027815,1.072388954267362
383.2063753532662,32.0,residential,clear,1,0.34721767226066486,1.8416612146717024
383.2063753532662,32.0,residential,rain,0,0.42810241127108906,1.722633628526811
383.2063753532662,32.0,residential,rain,1,0.6863052414375074,2.9673355644878336
1726.7480342675033,31.0,residential,clear,0,0.18493637979244562,5.9972375311834085
1726.7480342675033,31.0,residential,clear,1,0.4328756191307836,8.3581980445369
1726.7480342675033,31.0,residential,rain,0,0.5319503700067851,9.48103369770261
1726.7480342675033,31.0,residential,rain,1,0.7290381590070026,13.141258665711982
500.1929616913435,39.0,tertiary,clear,0,0.11419444060830182,0.9973088003596424
500.1929616913435,39.0,tertiary,clear,1,0.41406292685902046,1.6448605528008178
500.1929616913435,39.0,tertiary,rain,0,0.5146400335140403,2.225546048328919
500.1929616913435,39.0,tertiary,rain,1,0.6758746739320829,2.9921765889788667
2010.5530415174767,29.0,residential,clear,0,0.2547631595680052,7.766130487900853
2010.5530415174767,29.0,residential,clear,1,0.35852400790489064,10.171429934290174
2010.5530415174767,29.0,residential,rain,0,0.40222698481614416,10.863236490999995
2010.5530415174767,29.0,residential,rain,1,0.67276576443742,15.777599395493498
1471.2903633742792,36.0,tertiary,clear,0,0.16757452757616212,4.006851160430314
1471.2903633742792,36.0,tertiary,clear,1,0.3915867681962839,5.944885152012792
1471.2903633742792,36.0,tertiary,rain,0,0.3773353763518769,5.813925344044364
1471.2903633742792,36.0,tertiary,rain,1,0.5640039439434372,8.394592814300426
156.66494624875597,28.0,residential,clear,0,0.18982518115998065,0.7915762189874436
156.66494624875597,28.0,residential,clear,1,0.3354187520118384,0.5775078401745666
156.66494624875597,28.0,residential,rain,0,0.5318168562224717,1.1578875303044107
156.66494624875597,28.0,residential,rain,1,0.6483504279246801,1.2025733642071597
91.51124835284497,56.0,primary,clear,0,0.08236432200115539,0.3594534368906224
91.51124835284497,56.0,primary,clear,1,0.30869833349696085,0.2
91.51124835284497,56.0,primary,rain,0,0.37555071977949145,0.41319682591789475
91.51124835284497,56.0,primary,rain,1,0.5817062477930138,0.2833606585748847
189.5147840705257,44.0,tertiary,clear,0,0.1672777950160274,0.5392899129567339
189.5147840705257,44.0,tertiary,clear,1,0.4113558537247092,0.5711454212370188
189.5147840705257,44.0,tertiary,rain,0,0.47876304236245054,0.4984656030085958
189.5147840705257,44.0,tertiary,rain,1,0.6263815243898891,0.6973146043459677
1364.5613766131828,74.0,motorway,clear,0,0.13829552604633832,1.4693474828312203
1364.5613766131828,74.0,motorway,clear,1,0.4122434440609695,2.0402554662232717
1364.5613766131828,74.0,motorway,rain,0,0.4192847933975097,2.368887581259838
1364.5613766131828,74.0,motorway,rain,1,0.7120888271762283,3.684082272687052
1779.1414390219604,37.0,tertiary,clear,0,0.07589673993698086,4.4069215930200025
1779.1414390219604,37.0,tertiary,clear,1,0.3471145378371432,6.7669939572528
1779.1414390219604,37.0,tertiary,rain,0,0.4173878145939709,7.142050831624937
1779.1414390219604,37.0,tertiary,rain,1,0.5903693699457727,9.619148451094219
585.7319797300636,47.0,secondary,clear,0,0.195685310154189,1.167469384135697
585.7319797300636,47.0,secondary,clear,1,0.36604299808991647,1.7209327270742447
585.7319797300636,47.0,secondary,rain,0,0.45554335352312725,1.6011294809097052
585.7319797300636,47.0,secondary,rain,1,0.6858871344727387,2.4600669938441486
1880.7467469969147,50.0,primary,clear,0,0.08014782164928687,3.164081611877775
1880.7467469969147,50.0,primary,clear,1,0.270977624451897,4.597021487959632
1880.7467469969147,50.0,primary,rain,0,0.3931451792554654,4.974309377417738
1880.7467469969147,50.0,primary,rain,1,0.6991512682831271,7.477342879678903
201.33171312491203,57.0,primary,clear,0,0.083608668790631,0.4952470595087667
201.33171312491203,57.0,primary,clear,1,0.26045368823680265,0.5950920611870787
201.33171312491203,57.0,primary,rain,0,0.3831500768512813,0.29211103469276617
201.33171312491203,57.0,primary,rain,1,0.6001046714764998,0.5072843879857784
1778.0433697203537,38.0,tertiary,clear,0,0.16576922281557072,4.295163039243265
1778.0433697203537,38.0,tertiary,clear,1,0.26237765235691346,6.112795824622388
1778.0433697203537,38.0,tertiary,rain,0,0.3980690569744741,6.819270571348833
1778.0433697203537,38.0,tertiary,rain,1,0.5878793922249883,9.30580279524162
2046.9263119652344,54.0,primary,clear,0,0.17867488911266394,3.4435785069291547
2046.9263119652344,54.0,primary,clear,1,0.37930644400543934,4.855330238865847
2046.9263119652344,54.0,primary,rain,0,0.48448272629027245,5.4882767949313624
2046.9263119652344,54.0,primary,rain,1,0.5774486416006153,7.094014695738558
1716.8698061012867,27.0,service,clear,0,0.251266502875217,7.1093920500029375
1716.8698061012867,27.0,service,clear,1,0.42531631935686076,10.330447557880142
1716.8698061012867,27.0,service,rain,0,0.48343219435409346,11.043630629582898
1716.8698061012867,27.0,service,rain,1,0.7542441892995246,15.6591134313776
1560.0160620347108,39.0,tertiary,clear,0,0.13663710575973814,3.732721983469856
1560.0160620347108,39.0,tertiary,clear,1,0.36977559936995724,5.513562134190448
1560.0160620347108,39.0,tertiary,rain,0,0.5055521326584367,6.1292416403897425
1560.0160620347108,39.0,tertiary,rain,1,0.5729264763857267,8.126571066325004
1856.518063549412,48.0,secondary,clear,0,0.07050915733121824,3.210685634318931
1856.518063549412,48.0,secondary,clear,1,0.3612922758881625,5.128114326775516
1856.518063549412,48.0,secondary,rain,0,0.41202967093098686,5.794420815385714
1856.518063549412,48.0,secondary,rain,1,0.644889093989012,7.820255638898479
165.12075503978082,40.0,tertiary,clear,0,0.15686828664565006,0.2
165.12075503978082,40.0,tertiary,clear,1,0.3722847069673706,0.7468994363564385
165.12075503978082,40.0,tertiary,rain,0,0.4641466663810089,0.7716301568339557
165.12075503978082,40.0,tertiary,rain,1,0.6753343866652158,0.7430629612365536
507.7780747243974,75.0,motorway,clear,0,0.13224878655444505,0.4177705562936833
507.7780747243974,75.0,motorway,clear,1,0.3142290590136281,0.7557644866649527
507.7780747243974,75.0,motorway,rain,0,0.42655834404183923,0.6820385284025058
507.7780747243974,75.0,motorway,rain,1,0.6282822410017533,1.3087982836630394
344.8382001279633,27.0,service,clear,0,0.15988816374968592,1.1968341521502024
344.8382001279633,27.0,service,clear,1,0.44767760571750154,1.8524474807707172
344.8382001279633,27.0,service,rain,0,0.5330835021559767,2.090808326195714
344.8382001279633,27.0,service,rain,1,0.6154503092105258,3.0636978935253807
1149.6056992091314,38.0,tertiary,clear,0,0.18988308564438278,3.016552583896232
1149.6056992091314,38.0,tertiary,clear,1,0.3538344132383163,4.157670029674032
1149.6056992091314,38.0,tertiary,rain,0,0.4127433570265928,4.32230616195218
1149.6056992091314,38.0,tertiary,rain,1,0.6165756927414028,6.351875797330721
1659.7988320571503,33.0,residential,clear,0,0.22004548004023655,5.561033446309039
1659.7988320571503,33.0,residential,clear,1,0.41536970859938394,7.800908936071492
1659.7988320571503,33.0,residential,rain,0,0.49606561459594833,8.301063494940509
1659.7988320571503,33.0,residential,rain,1,0.6924669629423769,11.369954012543586
1415.6251105019653,54.0,primary,clear,0,0.16507780847810435,2.2084329712354442
1415.6251105019653,54.0,primary,clear,1,0.2773149411083627,3.299024101335797
1415.6251105019653,54.0,primary,rain,0,0.41880976809845605,3.76036794151283
1415.6251105019653,54.0,primary,rain,1,0.6518560006930341,5.28228921729668
1884.3979314953021,40.0,tertiary,clear,0,0.1952248258125373,4.910796131579156
1884.3979314953021,40.0,tertiary,clear,1,0.39094829752650717,6.652782983485306
1884.3979314953021,40.0,tertiary,rain,0,0.46283186621277306,7.028119760996008
1884.3979314953021,40.0,tertiary,rain,1,0.7086534865591898,10.46572617096153
409.0515439751127,36.0,tertiary,clear,0,0.10279163602465771,0.8839274297944599
409.0515439751127,36.0,tertiary,clear,1,0.37243180365849676,1.4749877698930505
409.0515439751127,36.0,tertiary,rain,0,0.41437194508436137,1.4492791878043283
409.0515439751127,36.0,tertiary,rain,1,0.6991780330458301,2.504312034305202
1637.3967149025425,21.0,service,clear,0,0.16412549503992252,8.217117906439348
1637.3967149025425,21.0,service,clear,1,0.40130752202488224,12.005399566695523
1637.3967149025425,21.0,service,rain,0,0.519377881920913,13.742474736635268
1637.3967149025425,21.0,service,rain,1,0.6671731990023205,18.452642175268615
489.2479606420767,41.0,tertiary,clear,0,0.11920849479632065,1.2224801575074822
489.2479606420767,41.0,tertiary,clear,1,0.3842936991946786,1.6968506265805436
489.2479606420767,41.0,tertiary,rain,0,0.3735931263963487,1.5081542010383204
489.2479606420767,41.0,tertiary,rain,1,0.5851855835371446,2.4852359396029264
654.0085527937365,37.0,tertiary,clear,0,0.1678349936980981,1.6010932694559463
654.0085527937365,37.0,tertiary,clear,1,0.3659101908493218,2.4247592919020895
654.0085527937365,37.0,tertiary,rain,0,0.43072706987164466,2.5547010380426745
654.0085527937365,37.0,tertiary,rain,1,0.6807909029869393,3.6107559068798527
1584.9979582363642,50.0,secondary,clear,0,0.1287861813436625,2.756616684004982
1584.9979582363642,50.0,secondary,clear,1,0.3685578007616213,4.197986432728899
1584.9979582363642,50.0,secondary,rain,0,0.46674120939781594,4.488932980835428
1584.9979582363642,50.0,secondary,rain,1,0.6232421433740206,6.396117836896154
2158.0341439852054,49.0,secondary,clear,0,0.061229933743981266,3.653504884448179
2158.0341439852054,49.0,secondary,clear,1,0.29379743667525,5.352971717517088
2158.0341439852054,49.0,secondary,rain,0,0.4008831206434335,6.182408680032024
2158.0341439852054,49.0,secondary,rain,1,0.56123678505109,8.614560528041146
1376.4724446713876,42.0,tertiary,clear,0,0.08811116830013478,2.9122698220140846
1376.4724446713876,42.0,tertiary,clear,1,0.3725874021412262,4.530429358927726
1376.4724446713876,42.0,tertiary,rain,0,0.49333667238718054,5.308898173733087
1376.4724446713876,42.0,tertiary,rain,1,0.5715320794547453,6.789109119319025
195.54066778154666,43.0,tertiary,clear,0,0.06676836185004663,0.2
195.54066778154666,43.0,tertiary,clear,1,0.407385989520386,0.8250072782493225
195.54066778154666,43.0,tertiary,rain,0,0.45212146571789297,0.7330232044142786
195.54066778154666,43.0,tertiary,rain,1,0.6735198338510295,0.9333528408992857
1386.5750162463696,71.0,motorway,clear,0,0.07842773962620773,1.2845494473834551
1386.5750162463696,71.0,motorway,clear,1,0.31196290871128224,2.39401376278172
1386.5750162463696,71.0,motorway,rain,0,0.4589000421286784,2.7731347460385747
1386.5750162463696,71.0,motorway,rain,1,0.7071631602786216,3.4971691018672564
169.78316934995425,25.0,residential,clear,0,0.23511749757035155,0.6062823190612485
169.78316934995425,25.0,residential,clear,1,0.3942194061284659,1.018953628619099
169.78316934995425,25.0,residential,rain,0,0.4633226714974933,1.012092311820985
169.78316934995425,25.0,residential,rain,1,0.6543221249837543,1.437170971111085
1954.3889080976523,29.0,residential,clear,0,0.12690123328730987,6.682563400111408
1954.3889080976523,29.0,residential,clear,1,0.3182442623741684,9.472801228459984
1954.3889080976523,29.0,residential,rain,0,0.544947637052808,11.50085104737363
1954.3889080976523,29.0,residential,rain,1,0.7163806569078247,15.79789580373454
1584.305964413316,55.0,primary,clear,0,0.1904059209200023,2.499904457012507
1584.305964413316,55.0,primary,clear,1,0.2834310749244311,3.299678833265798
1584.305964413316,55.0,primary,rain,0,0.45638383764370655,4.219580722506154
1584.305964413316,55.0,primary,rain,1,0.6648814416829982,5.517071955140923
447.03103441570687,45.0,tertiary,clear,0,0.18365569427960965,0.9734223546766401
447.03103441570687,45.0,tertiary,clear,1,0.38071133203951774,1.510965744513528
447.03103441570687,45.0,tertiary,rain,0,0.4318248411192101,1.7126936078015624
447.03103441570687,45.0,tertiary,rain,1,0.6503186853444479,2.167865600410383
274.4485323472999,52.0,primary,clear,0,0.15992348471070317,0.6525007621162171
274.4485323472999,52.0,primary,clear,1,0.3603547851039635,0.49419623289826525
274.4485323472999,52.0,primary,rain,0,0.37092580135932096,0.677958251726003
274.4485323472999,52.0,primary,rain,1,0.608451269622242,0.8935870863777153
469.09044522627624,30.0,residential,clear,0,0.1089875392340925,1.5294008447719576
469.09044522627624,30.0,residential,clear,1,0.34966525609700977,2.223015555344629
469.09044522627624,30.0,residential,rain,0,0.40910240813343235,2.623344957170333
469.09044522627624,30.0,residential,rain,1,0.6122769601877529,3.596999924881316
2157.657620654888,43.0,secondary,clear,0,0.1968469394329745,4.8537817243853745
2157.657620654888,43.0,secondary,clear,1,0.34113085077343286,6.508513373511683
2157.657620654888,43.0,secondary,rain,0,0.44869061941412863,7.522562445795679
2157.657620654888,43.0,secondary,rain,1,0.7033402824890884,10.500854685026699
1052.1485620119984,26.0,residential,clear,0,0.22957054683167538,4.434443278061247
1052.1485620119984,26.0,residential,clear,1,0.35144428206086853,5.810635086236309
1052.1485620119984,26.0,residential,rain,0,0.4241377722713021,6.206417856420113
1052.1485620119984,26.0,residential,rain,1,0.6165603003632627,9.060080506750923
1742.2516104837848,26.0,residential,clear,0,0.15495004413412283,6.904408786843944
1742.2516104837848,26.0,residential,clear,1,0.38072784024015316,9.679376074342432
1742.2516104837848,26.0,residential,rain,0,0.43963899577572546,10.720510310839066
1742.2516104837848,26.0,residential,rain,1,0.6703074866820199,15.155929524007242
1429.1856852684868,29.0,residential,clear,0,0.12539939327704663,4.813132894281988
1429.1856852684868,29.0,residential,clear,1,0.34526297257830685,7.014376369115654
1429.1856852684868,29.0,residential,rain,0,0.45413874349462713,8.033061413685488
1429.1856852684868,29.0,residential,rain,1,0.7262763090501864,11.573529989261798
1293.5158779123112,50.0,primary,clear,0,0.0705458966847548,1.9329393844696672
1293.5158779123112,50.0,primary,clear,1,0.368540695174413,3.188896671472499
1293.5158779123112,50.0,primary,rain,0,0.4757973848003939,3.7982939284111557
1293.5158779123112,50.0,primary,rain,1,0.7050148315461884,5.405677250742245
387.67613988990536,20.0,service,clear,0,0.15333792576968908,2.1101705479736106
387.67613988990536,20.0,service,clear,1,0.32262854089349086,2.8031505473299534
387.67613988990536,20.0,service,rain,0,0.5548314412308392,3.6289035137607177
387.67613988990536,20.0,service,rain,1,0.6627132774936577,4.64271187708576
2085.5718415431616,43.0,secondary,clear,0,0.21008035193052177,4.589929273870619
2085.5718415431616,43.0,secondary,clear,1,0.32026868896900806,6.360484981895864
2085.5718415431616,43.0,secondary,rain,0,0.49010956541036815,7.4119734132107284
2085.5718415431616,43.0,secondary,rain,1,0.6926334356631143,10.231672716379688
718.846380931202,67.0,motorway,clear,0,0.16966631044441222,0.9180692755451445
718.846380931202,67.0,motorway,clear,1,0.3633639713173581,1.2405899627804362
718.846380931202,67.0,motorway,rain,0,0.41789249541548557,1.3247523550360367
718.846380931202,67.0,motorway,rain,1,0.5888420676602951,1.7547374990707294
1305.3964975119893,41.0,tertiary,clear,0,0.2116269228054955,3.193221077533108
1305.3964975119893,41.0,tertiary,clear,1,0.296246887445422,3.984198546607997
1305.3964975119893,41.0,tertiary,rain,0,0.37234641348814024,4.7890437526143135
1305.3964975119893,41.0,tertiary,rain,1,0.576182522186863,6.573675490803773
1563.52500252882,35.0,tertiary,clear,0,0.19361917226152897,4.617820071613913
1563.52500252882,35.0,tertiary,clear,1,0.26603959877720984,5.631856238142882
1563.52500252882,35.0,tertiary,rain,0,0.48260921671155865,6.794479339594396
1563.52500252882,35.0,tertiary,rain,1,0.6202751793316039,9.108933101852976
1456.3742891200548,28.0,residential,clear,0,0.23301520907026008,5.75269768774146
1456.3742891200548,28.0,residential,clear,1,0.4294469951422882,7.73273731779322
1456.3742891200548,28.0,residential,rain,0,0.47002774482213544,8.470866964219312
1456.3742891200548,28.0,residential,rain,1,0.7082180675501653,11.88272928238674
2074.060148554499,29.0,residential,clear,0,0.1710717935688441,7.244011879432017
2074.060148554499,29.0,residential,clear,1,0.4197658428952698,10.766105594282404
2074.060148554499,29.0,residential,rain,0,0.4854417839517218,11.732144048079252
2074.060148554499,29.0,residential,rain,1,0.7293798193745259,16.702453607326923
394.69065863052293,50.0,secondary,clear,0,0.19361814283611317,0.6865016580810237
394.69065863052293,50.0,secondary,clear,1,0.4115408272390597,1.320919023600902
394.69065863052293,50.0,secondary,rain,0,0.43386879655055827,1.039894445881473
394.69065863052293,50.0,secondary,rain,1,0.6210995894705137,1.5920815952632614
1157.7078055075172,26.0,service,clear,0,0.2546029045129516,5.309811293408239
1157.7078055075172,26.0,service,clear,1,0.4282014758642476,6.938458626954799
1157.7078055075172,26.0,service,rain,0,0.4400005138542411,7.599491252304747
1157.7078055075172,26.0,service,rain,1,0.739858711208358,11.057777923365427
936.5529083704239,49.0,secondary,clear,0,0.0764143570797455,1.8238024855678434
936.5529083704239,49.0,secondary,clear,1,0.39618656769356464,2.4770008182793672
936.5529083704239,49.0,secondary,rain,0,0.4820986928466705,2.7587611451852525
936.5529083704239,49.0,secondary,rain,1,0.7048489934365186,3.8365712586199447
1085.2377065031503,38.0,tertiary,clear,0,0.12999560963119694,2.9082806739693283
1085.2377065031503,38.0,tertiary,clear,1,0.2955260811051169,3.70986155836644
1085.2377065031503,38.0,tertiary,rain,0,0.41593361250218386,4.031209266598648
1085.2377065031503,38.0,tertiary,rain,1,0.5685211019473719,5.748809883863643
332.7411555392186,44.0,secondary,clear,0,0.09772449181814924,0.9127619218125007
332.7411555392186,44.0,secondary,clear,1,0.3199860277468428,0.7328726813586866
332.7411555392186,44.0,secondary,rain,0,0.5089321447599925,1.3259265763119903
332.7411555392186,44.0,secondary,rain,1,0.663993709487069,1.6965074345675544
364.2805729302625,24.0,service,clear,0,0.12201593403613949,1.4713256281706135
364.2805729302625,24.0,service,clear,1,0.4327618533044516,2.532309486698771
364.2805729302625,24.0,service,rain,0,0.4222068306909098,2.638611597221561
364.2805729302625,24.0,service,rain,1,0.6717762358371595,3.3698697463203797
669.5201570562656,59.0,primary,clear,0,0.07267612340331542,0.816539759755174
669.5201570562656,59.0,primary,clear,1,0.39359409588518096,1.4960194141834073
669.5201570562656,59.0,primary,rain,0,0.47635756565198906,1.6462360247018388
669.5201570562656,59.0,primary,rain,1,0.5777898976518782,2.0176310111330396
725.9737599729624,75.0,motorway,clear,0,0.10818419113379521,0.5491787694118195
725.9737599729624,75.0,motorway,clear,1,0.3271720870005509,1.2712590433724724
725.9737599729624,75.0,motorway,rain,0,0.4331381786618318,1.0756234677023704
725.9737599729624,75.0,motorway,rain,1,0.7048235017059198,1.881370871408364
987.154813004462,45.0,tertiary,clear,0,0.06262965635294312,1.9526739083631104
987.154813004462,45.0,tertiary,clear,1,0.29871010150735894,2.6969674028204667
987.154813004462,45.0,tertiary,rain,0,0.4286782228965334,3.364112047851649
987.154813004462,45.0,tertiary,rain,1,0.598490278209047,4.454930937772921
1375.293599717652,28.0,service,clear,0,0.20629940827872148,5.26526683591565
1375.293599717652,28.0,service,clear,1,0.45594471855235547,7.784167276347641
1375.293599717652,28.0,service,rain,0,0.4841695112515473,8.554494214003563
1375.293599717652,28.0,service,rain,1,0.7581330376954348,12.318790385337316
1425.4137289267176,30.0,residential,clear,0,0.16247259720961027,4.834740828436213
1425.4137289267176,30.0,residential,clear,1,0.4017073266349808,7.322006050155998
1425.4137289267176,30.0,residential,rain,0,0.440584041771074,7.386486080489788
1425.4137289267176,30.0,residential,rain,1,0.7261632026047224,11.008905188688265
953.0391007614089,30.0,residential,clear,0,0.2172705634321027,3.4528743895571186
953.0391007614089,30.0,residential,clear,1,0.42344021985757746,4.923065633936792
953.0391007614089,30.0,residential,rain,0,0.45320297733951753,4.915635097873691
953.0391007614089,30.0,residential,rain,1,0.6873621992332307,7.407559774255332
946.6201919888379,35.0,residential,clear,0,0.12801426032827337,2.821866955249375
946.6201919888379,35.0,residential,clear,1,0.37433966395952606,4.052836416748796
946.6201919888379,35.0,residential,rain,0,0.5010777356413341,4.673962297832512
946.6201919888379,35.0,residential,rain,1,0.610096085925156,6.037088851286431
541.3724765975594,28.0,residential,clear,0,0.17322873239157655,1.8876623837241753
541.3724765975594,28.0,residential,clear,1,0.3070090041054597,2.5437583992688793
541.3724765975594,28.0,residential,rain,0,0.4067049507088611,3.250456873972436
541.3724765975594,28.0,residential,rain,1,0.6824613742807198,4.645141886611476
1327.2092466270974,38.0,tertiary,clear,0,0.14688491162466977,3.207308080828338
1327.2092466270974,38.0,tertiary,clear,1,0.3805265470110184,4.700413518207866
1327.2092466270974,38.0,tertiary,rain,0,0.41711586816565815,5.3640893632009075
1327.2092466270974,38.0,tertiary,rain,1,0.6985277243324892,7.509049533284912
752.1267319925444,49.0,secondary,clear,0,0.07991600131910136,1.2638907553909915
752.1267319925444,49.0,secondary,clear,1,0.4023178427219651,2.205972464883281
752.1267319925444,49.0,secondary,rain,0,0.5031419991928086,2.2816897473718614
752.1267319925444,49.0,secondary,rain,1,0.7157957734904494,3.240851132372736
156.44684866801106,29.0,residential,clear,0,0.1796037427989804,0.7705505424165451
156.44684866801106,29.0,residential,clear,1,0.3830841365655907,0.9443106182428339
156.44684866801106,29.0,residential,rain,0,0.5163330118948217,0.6995260039425945
156.44684866801106,29.0,residential,rain,1,0.6963925278128364,1.3988658304071542
967.008093612544,27.0,residential,clear,0,0.18727590357514196,3.640829712556253
967.008093612544,27.0,residential,clear,1,0.31281102577199926,5.092088583211188
967.008093612544,27.0,residential,rain,0,0.44903933697452036,5.834006924783387
967.008093612544,27.0,residential,rain,1,0.6681785716612874,8.17929351803977
1085.1612711911612,41.0,tertiary,clear,0,0.11624751740351875,2.2306794087948183
1085.1612711911612,41.0,tertiary,clear,1,0.39920594800902276,3.6532454425687457
1085.1612711911612,41.0,tertiary,rain,0,0.5197040956436878,4.122076617343535
1085.1612711911612,41.0,tertiary,rain,1,0.7168043646710847,6.038048251105237
558.2568805929272,53.0,primary,clear,0,0.07200658639810549,0.9394358738028095
558.2568805929272,53.0,primary,clear,1,0.3181297809041572,1.4452422948351002
558.2568805929272,53.0,primary,rain,0,0.4687056972503504,1.7339769992967817
558.2568805929272,53.0,primary,rain,1,0.5828447149380079,2.0310274533129844
1293.6108182188852,34.0,residential,clear,0,0.2250099151589547,3.8507157217471386
1293.6108182188852,34.0,residential,clear,1,0.31075733808993744,5.4552408629348
1293.6108182188852,34.0,residential,rain,0,0.45861255569714376,6.123706277356849
1293.6108182188852,34.0,residential,rain,1,0.6907591426758591,8.753534789491928
1279.4364289156724,49.0,secondary,clear,0,0.1686499291061432,2.6639062938042475
1279.4364289156724,49.0,secondary,clear,1,0.3195221405553094,3.4753912937940767
1279.4364289156724,49.0,secondary,rain,0,0.4518274845334233,3.861306775894233
1279.4364289156724,49.0,secondary,rain,1,0.6236854473523921,5.303676604760855
1568.2446239539872,23.0,service,clear,0,0.1399378644949437,7.003084946543078
1568.2446239539872,23.0,service,clear,1,0.4177079775167084,10.823993795628972
1568.2446239539872,23.0,service,rain,0,0.46191798080628216,11.72913490839021
1568.2446239539872,23.0,service,rain,1,0.6418842682539994,15.847929914436055
1453.6507822665653,45.0,secondary,clear,0,0.1314036979848986,3.1741780272018394
1453.6507822665653,45.0,secondary,clear,1,0.3056923004317053,4.303411708599908
1453.6507822665653,45.0,secondary,rain,0,0.43859203124067586,4.528273878597653
1453.6507822665653,45.0,secondary,rain,1,0.6964522064614916,6.725798295933421
1463.1580798245868,60.0,primary,clear,0,0.20378864492579685,2.2245238140846486
1463.1580798245868,60.0,primary,clear,1,0.274046518576757,2.9919980279259684
1463.1580798245868,60.0,primary,rain,0,0.4952833950359519,3.4610697501201564
1463.1580798245868,60.0,primary,rain,1,0.6155880471581703,4.451754348950911
750.3740018669714,33.0,residential,clear,0,0.18674741779609,2.562932911472882
750.3740018669714,33.0,residential,clear,1,0.43621792812050014,3.5752996219233935
750.3740018669714,33.0,residential,rain,0,0.5483719130757084,3.9830712912524353
750.3740018669714,33.0,residential,rain,1,0.7269914214152005,5.312500352470643
1749.3563106102222,52.0,primary,clear,0,0.07941799281255311,2.649650139006413
1749.3563106102222,52.0,primary,clear,1,0.28222029952613853,4.171941275528049
1749.3563106102222,52.0,primary,rain,0,0.3642054442893225,4.511284685308937
1749.3563106102222,52.0,primary,rain,1,0.6190257864801954,6.6065795520238195
1244.1860932313205,56.0,primary,clear,0,0.1482635094282284,2.0170289523178235
1244.1860932313205,56.0,primary,clear,1,0.27379447706430926,2.547221623973005
1244.1860932313205,56.0,primary,rain,0,0.5199352070295019,3.396465249272385
1244.1860932313205,56.0,primary,rain,1,0.6441113047728481,4.46141884404096
994.606573781367,41.0,tertiary,clear,0,0.1917343039213425,2.186717594006661
994.606573781367,41.0,tertiary,clear,1,0.41558075704220254,3.5256541788042943
994.606573781367,41.0,tertiary,rain,0,0.4319959193060794,3.754953973667578
994.606573781367,41.0,tertiary,rain,1,0.615122364912432,5.211670070841868
1407.146459595041,32.0,residential,clear,0,0.22484206861412936,4.78857733071266
1407.146459595041,32.0,residential,clear,1,0.329114101848342,6.459812440259792
1407.146459595041,32.0,residential,rain,0,0.46921892583711594,7.400683742937234
1407.146459595041,32.0,residential,rain,1,0.6088660560028444,9.395889293955268
844.593549034539,40.0,secondary,clear,0,0.0844824746896321,1.6690919988876094
844.593549034539,40.0,secondary,clear,1,0.3116257201847289,2.7931368455190406
844.593549034539,40.0,secondary,rain,0,0.4153636931746997,3.2556276840684513
844.593549034539,40.0,secondary,rain,1,0.70318814669138,4.60189799176217
1167.0071985663274,43.0,secondary,clear,0,0.10009684943711986,2.4608085830108766
1167.0071985663274,43.0,secondary,clear,1,0.34813462647730237,3.36065368728807
1167.0071985663274,43.0,secondary,rain,0,0.40845193697742016,3.899597166489721
1167.0071985663274,43.0,secondary,rain,1,0.6404117031586021,5.3234588120915
1641.816059582307,34.0,residential,clear,0,0.25065711805897534,5.113563789129124
1641.816059582307,34.0,residential,clear,1,0.4053972597414007,7.325556909889688
1641.816059582307,34.0,residential,rain,0,0.4968222252578969,8.216032012063613
1641.816059582307,34.0,residential,rain,1,0.6901788855090074,11.202001812701516
1959.1741198542604,22.0,service,clear,0,0.10453975806382043,8.892656447567873
1959.1741198542604,22.0,service,clear,1,0.4026325974118976,14.0308849341499
1959.1741198542604,22.0,service,rain,0,0.504180796397696,15.838549266228194
1959.1741198542604,22.0,service,rain,1,0.6666538853861195,21.229288698050492
2032.6412582658063,38.0,tertiary,clear,0,0.1396860896217786,5.133912264211913
2032.6412582658063,38.0,tertiary,clear,1,0.30634746508825694,7.278775443180548
2032.6412582658063,38.0,tertiary,rain,0,0.4372711709080671,8.26218172300958
2032.6412582658063,38.0,tertiary,rain,1,0.6695985345913082,11.335535926393854
1147.7018013881702,53.0,primary,clear,0,0.07167568408085534,1.5694311603392255
1147.7018013881702,53.0,primary,clear,1,0.3303368799872658,2.677548160585471
1147.7018013881702,53.0,primary,rain,0,0.3926436821701438,2.997759028507858
1147.7018013881702,53.0,primary,rain,1,0.6100131998795093,4.241652360859412
1182.9832432500066,66.0,motorway,clear,0,0.1774719607687275,1.7017256430486711
1182.9832432500066,66.0,motorway,clear,1,0.4160598604663809,2.0314054570040754
1182.9832432500066,66.0,motorway,rain,0,0.4192864316880466,2.3609405091949323
1182.9832432500066,66.0,motorway,rain,1,0.6110585418245051,3.1963491869346474
1775.7252708193332,41.0,secondary,clear,0,0.10279546791266919,3.7021705860398573
1775.7252708193332,41.0,secondary,clear,1,0.2754898644096915,5.263581473412049
1775.7252708193332,41.0,secondary,rain,0,0.421463973360257,6.309256718128969
1775.7252708193332,41.0,secondary,rain,1,0.5997232448609898,8.731873231595724
746.6354664977067,53.0,primary,clear,0,0.08555194594082577,1.0922254905755073
746.6354664977067,53.0,primary,clear,1,0.35242992606297546,1.6812630267401958
746.6354664977067,53.0,primary,rain,0,0.48209942002218054,2.033186030121586
746.6354664977067,53.0,primary,rain,1,0.6423559742770375,2.7400476650831216
1855.2506081715453,34.0,residential,clear,0,0.1493664771287087,5.2710187509528
1855.2506081715453,34.0,residential,clear,1,0.45123724865107795,8.41227189394174
1855.2506081715453,34.0,residential,rain,0,0.5546698608883961,9.287540994197913
1855.2506081715453,34.0,residential,rain,1,0.6564632142170169,12.008437161264295
1127.5802906169376,50.0,primary,clear,0,0.13918307256402823,2.1666538035198353
1127.5802906169376,50.0,primary,clear,1,0.3646816059023388,2.851387682721659
1127.5802906169376,50.0,primary,rain,0,0.44587051988622833,3.3528907653226936
1127.5802906169376,50.0,primary,rain,1,0.6289484430956065,4.54386186619896
325.616255590769,38.0,tertiary,clear,0,0.17640129013750272,0.969174432763546
325.616255590769,38.0,tertiary,clear,1,0.31854997640281013,1.0898697204395509
325.616255590769,38.0,tertiary,rain,0,0.4512450630209647,1.1586570367708164
325.616255590769,38.0,tertiary,rain,1,0.6485156682593842,1.5964439172091134
232.76539179464064,25.0,residential,clear,0,0.18068088465971277,1.0967655189105847
232.76539179464064,25.0,residential,clear,1,0.34475530841983715,1.5778646956048563
232.76539179464064,25.0,residential,rain,0,0.5088637824190178,1.3725832216934857
232.76539179464064,25.0,residential,rain,1,0.7560132504662055,2.1558758751021188
1865.0256074036618,41.0,tertiary,clear,0,0.1871835565409513,4.403123493940243
1865.0256074036618,41.0,tertiary,clear,1,0.4102317707128601,6.581522711196249
1865.0256074036618,41.0,tertiary,rain,0,0.391849261048392,6.6909223461652125
1865.0256074036618,41.0,tertiary,rain,1,0.640012464571303,9.331454621393696
197.80398384258115,42.0,secondary,clear,0,0.08192581977080328,0.32528530416177776
197.80398384258115,42.0,secondary,clear,1,0.33579906406323046,0.5887771774376822
197.80398384258115,42.0,secondary,rain,0,0.4570016835846087,0.7039441870781988
197.80398384258115,42.0,secondary,rain,1,0.6124745356218442,0.9933599733079687
674.8962446033505,33.0,residential,clear,0,0.12600032734031033,2.2701004983306423
674.8962446033505,33.0,residential,clear,1,0.41829109769177664,2.9824645994208137
674.8962446033505,33.0,residential,rain,0,0.4538197523442685,3.476732759033719
674.8962446033505,33.0,residential,rain,1,0.6851743727801403,4.766382453791757
788.3556858632771,31.0,residential,clear,0,0.1479664903579862,2.722579526536794
788.3556858632771,31.0,residential,clear,1,0.35893724957852313,3.7656651513728128
788.3556858632771,31.0,residential,rain,0,0.5567836849886659,4.442511742349882
788.3556858632771,31.0,residential,rain,1,0.7274807702288236,6.050892039318753
446.7482238061788,33.0,residential,clear,0,0.21008698419244348,1.1992584599359564
446.7482238061788,33.0,residential,clear,1,0.3759344342536097,2.215465409741477
446.7482238061788,33.0,residential,rain,0,0.5252646386290274,2.4348461397396997
446.7482238061788,33.0,residential,rain,1,0.6924215033382694,3.209593357324705
745.4539439802172,56.0,primary,clear,0,0.1533637243276224,1.0152118471362772
745.4539439802172,56.0,primary,clear,1,0.3606440385832582,1.746835830435171
745.4539439802172,56.0,primary,rain,0,0.4945867399933223,1.7615662508788357
745.4539439802172,56.0,primary,rain,1,0.6689163032081087,2.396107972740009
1654.5082414571816,54.0,primary,clear,0,0.21171282732548824,2.6522128654090067
1654.5082414571816,54.0,primary,clear,1,0.26302997880105805,3.521498557832151
1654.5082414571816,54.0,primary,rain,0,0.38422900129909526,4.237030963180807
1654.5082414571816,54.0,primary,rain,1,0.6256603854916328,6.039494636914554
111.12762834735003,29.0,service,clear,0,0.24728335198355372,0.6272501304733378
111.12762834735003,29.0,service,clear,1,0.417733963402989,0.3894891771327593
111.12762834735003,29.0,service,rain,0,0.4220931977256336,0.49383045614298116
111.12762834735003,29.0,service,rain,1,0.6520079255081688,0.98386791209613
1833.6076599838552,40.0,tertiary,clear,0,0.14407634422400567,4.268033268566084
1833.6076599838552,40.0,tertiary,clear,1,0.2877091878171725,6.165270975738408
1833.6076599838552,40.0,tertiary,rain,0,0.4147723228290954,6.772139374313061
1833.6076599838552,40.0,tertiary,rain,1,0.6835183654637985,9.9907725528575
1895.8818099780633,50.0,secondary,clear,0,0.16292945599991387,3.6226335392791427
1895.8818099780633,50.0,secondary,clear,1,0.3576122528126003,4.836777680292452
1895.8818099780633,50.0,secondary,rain,0,0.39944306168437765,5.420443906259209
1895.8818099780633,50.0,secondary,rain,1,0.5959787260788507,7.7042178757473385
869.1945351660821,45.0,tertiary,clear,0,0.10761833044430527,1.6761551578857554
869.1945351660821,45.0,tertiary,clear,1,0.29316444717674245,2.623713727557903
869.1945351660821,45.0,tertiary,rain,0,0.41072651920295167,2.800688378817959
869.1945351660821,45.0,tertiary,rain,1,0.7093920599633281,4.3729597065796275
405.65934600854575,31.0,residential,clear,0,0.1437532058808677,1.1260103505628656
405.65934600854575,31.0,residential,clear,1,0.4082595593252073,1.8989478104488628
405.65934600854575,31.0,residential,rain,0,0.5568256859714179,2.4236687733092652
405.65934600854575,31.0,residential,rain,1,0.7527374181426338,3.2512599845659715
1353.7816648435714,27.0,service,clear,0,0.1464724243188697,5.214713827355913
1353.7816648435714,27.0,service,clear,1,0.41426260599974324,7.86439305948953
1353.7816648435714,27.0,service,rain,0,0.4707801778983737,8.530996911190538
1353.7816648435714,27.0,service,rain,1,0.6766526820826374,11.833999905623504
333.705818433576,42.0,secondary,clear,0,0.14617246779338444,0.9451706155885965
333.705818433576,42.0,secondary,clear,1,0.37138740810349163,0.8746063662626611
333.705818433576,42.0,secondary,rain,0,0.45850832550631876,1.2190991399254545
333.705818433576,42.0,secondary,rain,1,0.5987932861456459,1.6524061327359876
853.6290454858953,28.0,service,clear,0,0.1849666383572479,3.408108214081157
853.6290454858953,28.0,service,clear,1,0.30839857709431406,4.436691820009261
853.6290454858953,28.0,service,rain,0,0.5147772890000389,5.213380457926432
853.6290454858953,28.0,service,rain,1,0.7233225692957247,7.235250042652559
2111.8698635100614,72.0,motorway,clear,0,0.14805641052473867,2.6445925880110916
2111.8698635100614,72.0,motorway,clear,1,0.3251051922475014,3.619324279307536
2111.8698635100614,72.0,motorway,rain,0,0.5005439394422765,4.012319199455663
2111.8698635100614,72.0,motorway,rain,1,0.5919129559468163,5.429513127763131
2190.384681877311,44.0,tertiary,clear,0,0.11138683233906668,4.679699498755253
2190.384681877311,44.0,tertiary,clear,1,0.40526991339769963,6.833923103695523
2190.384681877311,44.0,tertiary,rain,0,0.4518613365080597,7.638979767901848
2190.384681877311,44.0,tertiary,rain,1,0.6756988285187877,10.899814327401327
1716.8623696717216,27.0,residential,clear,0,0.24611675610717643,6.774601280586101
1716.8623696717216,27.0,residential,clear,1,0.4411591957063733,9.572102026958659
1716.8623696717216,27.0,residential,rain,0,0.5471415698961494,11.18611890624454
1716.8623696717216,27.0,residential,rain,1,0.6635191318845279,14.312193455506524
739.2384010320244,58.0,primary,clear,0,0.20985739916444207,1.4137571471493404
739.2384010320244,58.0,primary,clear,1,0.4081663516634309,1.8579000954292242
739.2384010320244,58.0,primary,rain,0,0.361482746956816,1.7296392971924914
739.2384010320244,58.0,primary,rain,1,0.577168110523766,2.6257255568158873
1537.8499042321162,55.0,primary,clear,0,0.10552986437600742,2.6247182287800603
1537.8499042321162,55.0,primary,clear,1,0.346928077369116,3.506008543325027
1537.8499042321162,55.0,primary,rain,0,0.5101696802785396,4.286575730812265
1537.8499042321162,55.0,primary,rain,1,0.6348833230410065,5.262123377895116
1575.461494826107,37.0,tertiary,clear,0,0.07802348176322473,3.6586425153332534
1575.461494826107,37.0,tertiary,clear,1,0.3334263153651778,5.602827166445263
1575.461494826107,37.0,tertiary,rain,0,0.38979185106049086,6.368250208559426
1575.461494826107,37.0,tertiary,rain,1,0.686522826308041,9.227396091810961
902.2243937469375,21.0,service,clear,0,0.2211652400412098,4.6810176857303825
902.2243937469375,21.0,service,clear,1,0.4369834406837532,7.108431754896092
902.2243937469375,21.0,service,rain,0,0.5323183720442095,7.721363759011715
902.2243937469375,21.0,service,rain,1,0.613878043175737,9.979636319743516
1438.683905322658,41.0,tertiary,clear,0,0.08956499216757441,3.0066268152423854
1438.683905322658,41.0,tertiary,clear,1,0.3117762672136133,4.51760101780886
1438.683905322658,41.0,tertiary,rain,0,0.40172564433047103,5.060896898407216
1438.683905322658,41.0,tertiary,rain,1,0.6806010642850331,7.777510549645679
102.74260734843364,23.0,service,clear,0,0.14831133435065838,0.586216853231559
102.74260734843364,23.0,service,clear,1,0.3018297174710669,0.7301112821992353
102.74260734843364,23.0,service,rain,0,0.5108429744676382,0.5722266884441027
102.74260734843364,23.0,service,rain,1,0.6189159756486357,0.9353434264183479
523.2022362367519,26.0,residential,clear,0,0.16486665807494358,2.0592531286517963
523.2022362367519,26.0,residential,clear,1,0.4432189391706007,3.1865539717506466
523.2022362367519,26.0,residential,rain,0,0.44975647174154565,3.059338478536094
523.2022362367519,26.0,residential,rain,1,0.7465808617361017,4.646798806708791
1193.1872022905936,39.0,tertiary,clear,0,0.15834007170301584,2.804969739787517
1193.1872022905936,39.0,tertiary,clear,1,0.28137100515148866,3.7850650781218733
1193.1872022905936,39.0,tertiary,rain,0,0.47963757394413703,4.823284194823564
1193.1872022905936,39.0,tertiary,rain,1,0.6265352984689959,6.402474106893435
427.15276502758724,32.0,residential,clear,0,0.17533249230068987,1.3956454958654714
427.15276502758724,32.0,residential,clear,1,0.40625511029434624,1.8548996761855225
427.15276502758724,32.0,residential,rain,0,0.4395944686893724,2.269062275371019
427.15276502758724,32.0,residential,rain,1,0.7397016093580374,2.929282989839847
431.7225598982513,68.0,motorway,clear,0,0.13147967639943736,0.6206083629165127
431.7225598982513,68.0,motorway,clear,1,0.2724964355435905,0.7402952302793728
431.7225598982513,68.0,motorway,rain,0,0.3698812876090694,0.8214722825280436
431.7225598982513,68.0,motorway,rain,1,0.6408779289748153,1.1948677042096352
1852.9650959665044,60.0,primary,clear,0,0.0839763810211863,2.4940250439548994
1852.9650959665044,60.0,primary,clear,1,0.34325464658956595,3.67368678538665
1852.9650959665044,60.0,primary,rain,0,0.39286423768629786,4.241388605134151
1852.9650959665044,60.0,primary,rain,1,0.5745506631122701,5.772976135926271
2176.9619656892437,33.0,residential,clear,0,0.22939073330835796,7.080860401224388
2176.9619656892437,33.0,residential,clear,1,0.38211965491226263,9.677972444593257
2176.9619656892437,33.0,residential,rain,0,0.40923788494920393,10.350138471589482
2176.9619656892437,33.0,residential,rain,1,0.7291064564087029,15.529703861487047
1258.6551874203105,30.0,residential,clear,0,0.16335179359252122,4.443637196026258
1258.6551874203105,30.0,residential,clear,1,0.4193287172530905,6.367946252393459
1258.6551874203105,30.0,residential,rain,0,0.40724636843645257,6.507803331368046
1258.6551874203105,30.0,residential,rain,1,0.6102015859379334,9.398372088583393
1858.8278294692325,50.0,secondary,clear,0,0.20953324782159144,3.3741146443044503
1858.8278294692325,50.0,secondary,clear,1,0.4094040900135889,4.8386750904026785
1858.8278294692325,50.0,secondary,rain,0,0.42541870973107976,5.515074505178864
1858.8278294692325,50.0,secondary,rain,1,0.6825324292677939,7.945378205080684
2179.481928371698,39.0,tertiary,clear,0,0.1633409308955462,5.3624915795091885
2179.481928371698,39.0,tertiary,clear,1,0.41885705577294063,7.917008251151891
2179.481928371698,39.0,tertiary,rain,0,0.49913924564971335,9.0279494584326
2179.481928371698,39.0,tertiary,rain,1,0.620103285408318,11.696567149711628
380.18328376580234,26.0,residential,clear,0,0.20588680610007493,1.5654687009511843
380.18328376580234,26.0,residential,clear,1,0.4045654557469923,2.1075049520185765
380.18328376580234,26.0,residential,rain,0,0.42855578064065786,2.3473580868277133
380.18328376580234,26.0,residential,rain,1,0.6846148063270415,3.446122261559034
1030.2807000992243,25.0,residential,clear,0,0.13563043455460266,3.865194535890794
1030.2807000992243,25.0,residential,clear,1,0.30363765237151463,5.627149477922606
1030.2807000992243,25.0,residential,rain,0,0.5077599772442507,6.936366393807149
1030.2807000992243,25.0,residential,rain,1,0.6851093773594814,9.555661254655782
912.2541575848702,35.0,residential,clear,0,0.1396019261606041,2.533367799925966
912.2541575848702,35.0,residential,clear,1,0.34410395644722036,3.9494977766551256
912.2541575848702,35.0,residential,rain,0,0.5160038313454269,4.202436424290352
912.2541575848702,35.0,residential,rain,1,0.7295165093662711,6.052753642954578
249.70448132991226,45.0,tertiary,clear,0,0.18256855480222456,0.7367801596906459
249.70448132991226,45.0,tertiary,clear,1,0.26250332741816795,0.5608416726466974
249.70448132991226,45.0,tertiary,rain,0,0.3761434740948011,0.5735674990940651
249.70448132991226,45.0,tertiary,rain,1,0.6556455834770485,1.278460548487581
1681.2999663248584,43.0,tertiary,clear,0,0.06778821139899986,3.603039366784926
1681.2999663248584,43.0,tertiary,clear,1,0.324362456129745,5.089156406820668
1681.2999663248584,43.0,tertiary,rain,0,0.39476307362840857,5.9407820079713085
1681.2999663248584,43.0,tertiary,rain,1,0.5690310456039138,7.873750347347631
999.6115379238971,36.0,tertiary,clear,0,0.10628215221662703,2.7161667728769943
999.6115379238971,36.0,tertiary,clear,1,0.37704279729856294,3.7597366259909832
999.6115379238971,36.0,tertiary,rain,0,0.45566682788436197,4.348066589404601
999.6115379238971,36.0,tertiary,rain,1,0.6113064184628774,5.636798814269586
1074.9731004836508,28.0,residential,clear,0,0.12292166946613262,3.8711705725974372
1074.9731004836508,28.0,residential,clear,1,0.3353668384713652,5.36119359867351
1074.9731004836508,28.0,residential,rain,0,0.4097532219370819,6.260833529779948
1074.9731004836508,28.0,residential,rain,1,0.7407542225542213,9.237340670476685
399.4267044840692,25.0,residential,clear,0,0.20015890202373282,1.6449374811775566
399.4267044840692,25.0,residential,clear,1,0.3792993259988834,2.5806884704053608
399.4267044840692,25.0,residential,rain,0,0.5506538255731058,2.8398821019198306
399.4267044840692,25.0,residential,rain,1,0.725728735356883,3.636423355639533
463.56450272944045,35.0,tertiary,clear,0,0.12661194134743115,1.0662975801568304
463.56450272944045,35.0,tertiary,clear,1,0.32023363016114115,1.8907954471273198
463.56450272944045,35.0,tertiary,rain,0,0.4357630112659552,2.1806999389402812
463.56450272944045,35.0,tertiary,rain,1,0.6081178270072236,2.8345460742874455
2003.0596789711758,42.0,secondary,clear,0,0.1889241855895819,4.737100045766811
2003.0596789711758,42.0,secondary,clear,1,0.34998175193390546,6.477043912806039
2003.0596789711758,42.0,secondary,rain,0,0.44916588131188373,6.830426346727613
2003.0596789711758,42.0,secondary,rain,1,0.5988573625743338,9.260842453834194
174.65606862547122,46.0,secondary,clear,0,0.16347293624767117,0.5643435430190078
174.65606862547122,46.0,secondary,clear,1,0.3955413417471379,0.30940941567830904
174.65606862547122,46.0,secondary,rain,0,0.4759335539691523,0.41354544981690056
174.65606862547122,46.0,secondary,rain,1,0.602953854056797,0.8377819124115239
573.6468440806573,25.0,residential,clear,0,0.19646752719825217,2.594390543464372
573.6468440806573,25.0,residential,clear,1,0.33010612702924086,3.382346443293345
573.6468440806573,25.0,residential,rain,0,0.5158888383763438,3.8991852448435216
573.6468440806573,25.0,residential,rain,1,0.6767030730353464,5.3898807037224215
699.1657802668001,35.0,residential,clear,0,0.15327428973101143,2.252017362510136
699.1657802668001,35.0,residential,clear,1,0.3024533929965588,2.9926521158070325
699.1657802668001,35.0,residential,rain,0,0.5539324089783134,3.2592961208414666
699.1657802668001,35.0,residential,rain,1,0.7599315211228499,4.739030961885598
1119.2187898913633,55.0,primary,clear,0,0.09881490909531865,1.7744000407744274
1119.2187898913633,55.0,primary,clear,1,0.292722102876463,2.662475318663903
1119.2187898913633,55.0,primary,rain,0,0.4483326868076503,3.0113149238765233
1119.2187898913633,55.0,primary,rain,1,0.6209058790996677,3.9256379374674446
1323.2637667913673,52.0,primary,clear,0,0.11748152888825214,2.0693398229334257
1323.2637667913673,52.0,primary,clear,1,0.3420506464038038,3.1811174011546433
1323.2637667913673,52.0,primary,rain,0,0.3757773170504768,3.660398000444849
1323.2637667913673,52.0,primary,rain,1,0.6351184675236093,5.099427728650364
1125.774748803413,40.0,tertiary,clear,0,0.20629287982359829,2.7521673763071526
1125.774748803413,40.0,tertiary,clear,1,0.32622882729257996,3.7951683937894543
1125.774748803413,40.0,tertiary,rain,0,0.39540385573059605,3.9700927919040936
1125.774748803413,40.0,tertiary,rain,1,0.6017238575855631,5.997770758930545
258.3245092605899,58.0,primary,clear,0,0.1526628681659841,0.3533536332867713
258.3245092605899,58.0,primary,clear,1,0.28438582562946296,0.44890878094575093
258.3245092605899,58.0,primary,rain,0,0.4207743639585847,0.7840681655882551
258.3245092605899,58.0,primary,rain,1,0.6398882371790916,0.9425279101561335
596.5750025981127,28.0,residential,clear,0,0.209575457975345,2.1376668778120127
596.5750025981127,28.0,residential,clear,1,0.43145471035077704,3.473703875356716
596.5750025981127,28.0,residential,rain,0,0.5026711127037932,3.5582598673709427
596.5750025981127,28.0,residential,rain,1,0.6269173833522466,4.84154926266678
1868.4073756965872,40.0,secondary,clear,0,0.08708251373762908,4.182730305313209
1868.4073756965872,40.0,secondary,clear,1,0.3381306114006612,6.271423932320459
1868.4073756965872,40.0,secondary,rain,0,0.4467418968562168,6.928830980401308
1868.4073756965872,40.0,secondary,rain,1,0.5693971282529169,8.81801167517851
1431.6880450143333,50.0,primary,clear,0,0.1954715813092356,2.849328784621912
1431.6880450143333,50.0,primary,clear,1,0.36691448694290446,3.7769807681036047
1431.6880450143333,50.0,primary,rain,0,0.42598275558649484,4.154458617523415
1431.6880450143333,50.0,primary,rain,1,0.5970293427323913,5.52521908201418
1456.1959862846618,29.0,service,clear,0,0.1014626338705059,5.131555473785409
1456.1959862846618,29.0,service,clear,1,0.3597121108298899,7.716035392176574
1456.1959862846618,29.0,service,rain,0,0.5066807567285343,8.927944481200877
1456.1959862846618,29.0,service,rain,1,0.677312664579492,11.999061102840704
1500.8309013448725,51.0,primary,clear,0,0.06105797711874543,2.434690171991062
1500.8309013448725,51.0,primary,clear,1,0.2618961549004628,3.4835028284920306
1500.8309013448725,51.0,primary,rain,0,0.4039585179516531,4.271442769567727
1500.8309013448725,51.0,primary,rain,1,0.5627428156163884,5.612799210109115
1697.3544003638017,46.0,secondary,clear,0,0.16784527233907365,3.5982143752693623
1697.3544003638017,46.0,secondary,clear,1,0.4055637385598026,4.825218620945832
1697.3544003638017,46.0,secondary,rain,0,0.37541022244022537,4.984179308849512
1697.3544003638017,46.0,secondary,rain,1,0.5907091291186581,7.257146366556319
203.18998124946836,54.0,primary,clear,0,0.19043430251412524,0.22744981623150468
203.18998124946836,54.0,primary,clear,1,0.3235034275996915,0.4008450990780382
203.18998124946836,54.0,primary,rain,0,0.42496438557982175,0.5555731666018306
203.18998124946836,54.0,primary,rain,1,0.7184372850623564,0.6278223862191288
857.2097760571382,58.0,primary,clear,0,0.1694466600752617,1.5014669975566552
857.2097760571382,58.0,primary,clear,1,0.36459771512946454,2.0573293690939822
857.2097760571382,58.0,primary,rain,0,0.4815337360282952,1.9299355922388837
857.2097760571382,58.0,primary,rain,1,0.6206822435583705,2.8648818384755854
1223.7981627547588,65.0,motorway,clear,0,0.06897839026063453,1.211818488718575
1223.7981627547588,65.0,motorway,clear,1,0.28742137203536766,2.1237962164219577
1223.7981627547588,65.0,motorway,rain,0,0.429425544315466,2.60664060848984
1223.7981627547588,65.0,motorway,rain,1,0.6505370604721656,3.6341785022740645
797.5277445903312,59.0,primary,clear,0,0.07525789367531682,1.134671988121234
797.5277445903312,59.0,primary,clear,1,0.26680828121872724,1.4550108153399355
797.5277445903312,59.0,primary,rain,0,0.4988987024930569,2.166887407782253
797.5277445903312,59.0,primary,rain,1,0.6360800460232438,2.3933119326056276
1870.2952113688355,57.0,primary,clear,0,0.07189568958810419,2.9248108341031713
1870.2952113688355,57.0,primary,clear,1,0.4038898641384014,4.317233808284607
1870.2952113688355,57.0,primary,rain,0,0.36526428482455553,4.591387251949707
1870.2952113688355,57.0,primary,rain,1,0.6103175509162642,6.493575938442238
1103.0537182050632,54.0,primary,clear,0,0.15392577665351814,1.937626715168936
1103.0537182050632,54.0,primary,clear,1,0.37403382399189755,2.562345320024913
1103.0537182050632,54.0,primary,rain,0,0.3723099986306153,2.569627548939461
1103.0537182050632,54.0,primary,rain,1,0.5984755510886859,4.038433346445968
1709.4904896538837,37.0,tertiary,clear,0,0.12226505717877742,4.513769174037222
1709.4904896538837,37.0,tertiary,clear,1,0.3130767743394926,6.247783042511943
1709.4904896538837,37.0,tertiary,rain,0,0.38239209507763156,6.991090133718601
1709.4904896538837,37.0,tertiary,rain,1,0.6758661712150904,9.914894038915005
1886.2728957880784,35.0,residential,clear,0,0.25589173238975943,5.700605149610711
1886.2728957880784,35.0,residential,clear,1,0.3699341204549599,8.026177699857106
1886.2728957880784,35.0,residential,rain,0,0.45449483943601693,8.86774329062459
1886.2728957880784,35.0,residential,rain,1,0.7527773435063466,12.711597843689422
1150.157943755416,38.0,tertiary,clear,0,0.1837687865810116,2.7399030482864775
1150.157943755416,38.0,tertiary,clear,1,0.3037323245806076,4.228071185135939
1150.157943755416,38.0,tertiary,rain,0,0.43849655297772694,4.520583084468768
1150.157943755416,38.0,tertiary,rain,1,0.710582855195316,6.591382626847501
2008.2507570072619,45.0,secondary,clear,0,0.16875117729410544,4.250168789947283
2008.2507570072619,45.0,secondary,clear,1,0.27371105882187774,5.583673674702119
2008.2507570072619,45.0,secondary,rain,0,0.4876888278084395,6.8376830457719535
2008.2507570072619,45.0,secondary,rain,1,0.5731260815477037,8.494582935918984
1324.702753938399,39.0,tertiary,clear,0,0.1738683447645787,3.3789363952992937
1324.702753938399,39.0,tertiary,clear,1,0.3783448462362552,4.622596286347678
1324.702753938399,39.0,tertiary,rain,0,0.3770481468338018,4.694221513195462
1324.702753938399,39.0,tertiary,rain,1,0.6093227928218077,6.9382131327659735
1882.5815135274902,27.0,residential,clear,0,0.14316263091830186,6.819924841951216
1882.5815135274902,27.0,residential,clear,1,0.32998268536446035,9.85381287140078
1882.5815135274902,27.0,residential,rain,0,0.48875840009741883,11.509603787981005
1882.5815135274902,27.0,residential,rain,1,0.6042019046421276,15.080632353445532
802.0524866540314,29.0,residential,clear,0,0.11489028167357988,2.7613929392024374
802.0524866540314,29.0,residential,clear,1,0.351908852891586,3.9234904124305157
802.0524866540314,29.0,residential,rain,0,0.44669557620741135,4.402417060368202
802.0524866540314,29.0,residential,rain,1,0.6135519227085636,6.245295251863995
1137.4919520867486,66.0,motorway,clear,0,0.20483321189013742,1.7344587970538763
1137.4919520867486,66.0,motorway,clear,1,0.35151366891992636,1.8719524602151538
1137.4919520867486,66.0,motorway,rain,0,0.4209171237581989,2.062413203455877
1137.4919520867486,66.0,motorway,rain,1,0.608181002460011,3.0807717819810434
1206.5914069297048,40.0,secondary,clear,0,0.07012274404431272,2.5582128207174466
1206.5914069297048,40.0,secondary,clear,1,0.3273763743636039,3.8772236200613603
1206.5914069297048,40.0,secondary,rain,0,0.37230741782322513,4.084743145407606
1206.5914069297048,40.0,secondary,rain,1,0.5994544109355204,6.015903921909756
302.55699769966964,43.0,secondary,clear,0,0.15500902368625258,0.4978108287198555
302.55699769966964,43.0,secondary,clear,1,0.27711557881294435,0.7755598732816645
302.55699769966964,43.0,secondary,rain,0,0.5118117539831304,0.9939875511505946
302.55699769966964,43.0,secondary,rain,1,0.6592307500599504,1.5909654136423885
924.9313142072662,41.0,secondary,clear,0,0.11272667460468164,1.9285276261413793
924.9313142072662,41.0,secondary,clear,1,0.3904760752004805,3.2181589554333345
924.9313142072662,41.0,secondary,rain,0,0.5158760602407371,3.2829061039637093
924.9313142072662,41.0,secondary,rain,1,0.6113064248600141,4.70793268309823
2024.7558658095534,39.0,tertiary,clear,0,0.0921362381923315,4.631991398113532
2024.7558658095534,39.0,tertiary,clear,1,0.4143319396951671,7.621128445032738
2024.7558658095534,39.0,tertiary,rain,0,0.40663170425280853,7.80684751390441
2024.7558658095534,39.0,tertiary,rain,1,0.6385611700627364,10.938230727141036
1417.3643495732538,44.0,tertiary,clear,0,0.0987878874848917,2.886720419309724
1417.3643495732538,44.0,tertiary,clear,1,0.39063912246926613,4.4557099779571825
1417.3643495732538,44.0,tertiary,rain,0,0.3782220517779197,4.722230813266376
1417.3643495732538,44.0,tertiary,rain,1,0.6547563254800617,6.850884434084019
456.31395476637107,66.0,motorway,clear,0,0.16907402130081406,0.6078709522359109
456.31395476637107,66.0,motorway,clear,1,0.41248073783780737,0.8335177725212803
456.31395476637107,66.0,motorway,rain,0,0.47333872820097017,0.9010323092330568
456.31395476637107,66.0,motorway,rain,1,0.6066129932776473,1.3325048461847202
798.3739474923625,35.0,tertiary,clear,0,0.1910344908807134,2.4031538999325814
798.3739474923625,35.0,tertiary,clear,1,0.32546265443918426,3.0485586752965146
798.3739474923625,35.0,tertiary,rain,0,0.46133376634458617,3.385249994393437
798.3739474923625,35.0,tertiary,rain,1,0.6653860749651709,4.972842453754868
486.19838048492363,36.0,tertiary,clear,0,0.18625228211521005,1.1171574146015335
486.19838048492363,36.0,tertiary,clear,1,0.4185120983099149,1.916667673151586
486.19838048492363,36.0,tertiary,rain,0,0.42412881557269977,2.0328487826100354
486.19838048492363,36.0,tertiary,rain,1,0.7072627495165273,3.046618782733244
132.6250394129738,55.0,primary,clear,0,0.14698323254199644,0.35797452546246716
132.6250394129738,55.0,primary,clear,1,0.3175247188826016,0.49401560039420456
132.6250394129738,55.0,primary,rain,0,0.4459049577639341,0.40904991801873913
132.6250394129738,55.0,primary,rain,1,0.573597109448158,0.5845693351834607
2046.2161720285367,28.0,residential,clear,0,0.20521626313292252,7.6489901989719105
2046.2161720285367,28.0,residential,clear,1,0.40351997567734466,10.67748749435508
2046.2161720285367,28.0,residential,rain,0,0.5573773129523172,12.739332677717234
2046.2161720285367,28.0,residential,rain,1,0.6639388393960132,16.581580288846197
1030.1995359045675,55.0,primary,clear,0,0.2145146844342125,1.7097348936856362
1030.1995359045675,55.0,primary,clear,1,0.2616876436455328,2.086899569484941
1030.1995359045675,55.0,primary,rain,0,0.44170819848400716,2.642729121603003
1030.1995359045675,55.0,primary,rain,1,0.6528829272838407,3.704282567635871
731.9743535320666,20.0,service,clear,0,0.1713245682407851,3.909944539272942
731.9743535320666,20.0,service,clear,1,0.4235747571939891,5.877618124818067
731.9743535320666,20.0,service,rain,0,0.4800745250591575,6.276934127571431
731.9743535320666,20.0,service,rain,1,0.6039300244841231,8.181165490368198
1348.7716461024015,53.0,primary,clear,0,0.12655606856411403,2.436494735353749
1348.7716461024015,53.0,primary,clear,1,0.27857109407343594,3.2581012238648586
1348.7716461024015,53.0,primary,rain,0,0.38266802829304775,3.342335062900555
1348.7716461024015,53.0,primary,rain,1,0.6328532216361403,4.776600323952839
95.50664734119314,29.0,residential,clear,0,0.17726815980470217,0.3283206604865696
95.50664734119314,29.0,residential,clear,1,0.3701065501236843,0.578556792351864
95.50664734119314,29.0,residential,rain,0,0.45102551587483203,0.4325757082035129
95.50664734119314,29.0,residential,rain,1,0.7296297499069917,0.5774811966553999
669.4068659937253,24.0,service,clear,0,0.2358688012875056,3.254568026171374
669.4068659937253,24.0,service,clear,1,0.40834229326254146,4.231891298925372
669.4068659937253,24.0,service,rain,0,0.5574240752941244,4.959088974499612
669.4068659937253,24.0,service,rain,1,0.6279125172518615,6.308082185218787
1570.4309472816524,26.0,service,clear,0,0.1895758323983781,6.8694576613369405
1570.4309472816524,26.0,service,clear,1,0.3370968875858257,9.015660863360562
1570.4309472816524,26.0,service,rain,0,0.429512284024223,10.211433593651812
1570.4309472816524,26.0,service,rain,1,0.6691415123886852,14.137167848449291
1423.5919189068375,33.0,residential,clear,0,0.19825710997950718,4.381493200821263
1423.5919189068375,33.0,residential,clear,1,0.39475250533765893,6.343158181795772
1423.5919189068375,33.0,residential,rain,0,0.5127576985535575,7.113670678784691
1423.5919189068375,33.0,residential,rain,1,0.7203720792576787,10.187352880845715
2161.428608790175,30.0,residential,clear,0,0.11001020023506632,6.837184193602517
2161.428608790175,30.0,residential,clear,1,0.4395166928015816,10.860667343816878
2161.428608790175,30.0,residential,rain,0,0.45215758585581095,11.635714965098082
2161.428608790175,30.0,residential,rain,1,0.6419765432723779,16.19672641478506
1395.1583444750534,34.0,residential,clear,0,0.18443440314044524,4.333549760962115
1395.1583444750534,34.0,residential,clear,1,0.39551533268527894,6.1453601668496765
1395.1583444750534,34.0,residential,rain,0,0.49392075433043486,6.7473250672153515
1395.1583444750534,34.0,residential,rain,1,0.7352828484271295,9.68234417684968
